-- ------------------------------------------------------------
        -- Dummy data generated on 2025-04-21T15:01:01
        -- Seed: 1337
        -- ------------------------------------------------------------

-- === USERS ===
INSERT INTO users (id, username, email, password_hash, created_at) VALUES
(1, 'user1', 'ashley25@example.com', '$2a$10$bxFZMt4M6IjHAKj6peP.wu6ps2TBA2RCoCoJCE..z/8oNJXJKJvTa', '2024-08-27 06:24:16'),
(2, 'user2', 'sandra46@example.net', '$2a$10$bxFZMt4M6IjHAKj6peP.wu6ps2TBA2RCoCoJCE..z/8oNJXJKJvTa', '2023-09-28 07:58:02'),
(3, 'user3', 'daniel61@example.net', '$2a$10$bxFZMt4M6IjHAKj6peP.wu6ps2TBA2RCoCoJCE..z/8oNJXJKJvTa', '2024-10-16 05:41:05'),
(4, 'user4', 'pamela64@example.net', '$2a$10$bxFZMt4M6IjHAKj6peP.wu6ps2TBA2RCoCoJCE..z/8oNJXJKJvTa', '2023-05-05 23:47:29'),
(5, 'user5', 'brooke73@example.org', '$2a$10$bxFZMt4M6IjHAKj6peP.wu6ps2TBA2RCoCoJCE..z/8oNJXJKJvTa', '2024-12-30 04:47:51'),
(6, 'user6', 'erin97@example.net', '$2a$10$bxFZMt4M6IjHAKj6peP.wu6ps2TBA2RCoCoJCE..z/8oNJXJKJvTa', '2023-11-13 20:46:26'),
(7, 'user7', 'amylittle@example.net', '$2a$10$bxFZMt4M6IjHAKj6peP.wu6ps2TBA2RCoCoJCE..z/8oNJXJKJvTa', '2024-07-13 13:06:24'),
(8, 'user8', 'jonessydney@example.net', '$2a$10$bxFZMt4M6IjHAKj6peP.wu6ps2TBA2RCoCoJCE..z/8oNJXJKJvTa', '2023-06-02 22:59:58'),
(9, 'user9', 'reidjames@example.com', '$2a$10$bxFZMt4M6IjHAKj6peP.wu6ps2TBA2RCoCoJCE..z/8oNJXJKJvTa', '2023-09-21 19:54:58'),
(10, 'user10', 'zcurry@example.net', '$2a$10$bxFZMt4M6IjHAKj6peP.wu6ps2TBA2RCoCoJCE..z/8oNJXJKJvTa', '2023-12-22 06:09:18'),
(11, 'user11', 'popecheryl@example.com', '$2a$10$bxFZMt4M6IjHAKj6peP.wu6ps2TBA2RCoCoJCE..z/8oNJXJKJvTa', '2024-07-09 12:22:47'),
(12, 'user12', 'andreaparsons@example.net', '$2a$10$bxFZMt4M6IjHAKj6peP.wu6ps2TBA2RCoCoJCE..z/8oNJXJKJvTa', '2024-11-06 11:12:41'),
(13, 'user13', 'melinda39@example.org', '$2a$10$bxFZMt4M6IjHAKj6peP.wu6ps2TBA2RCoCoJCE..z/8oNJXJKJvTa', '2024-06-06 02:11:05'),
(14, 'user14', 'kimberlywilliams@example.com', '$2a$10$bxFZMt4M6IjHAKj6peP.wu6ps2TBA2RCoCoJCE..z/8oNJXJKJvTa', '2024-10-19 16:17:07'),
(15, 'user15', 'bmcpherson@example.net', '$2a$10$bxFZMt4M6IjHAKj6peP.wu6ps2TBA2RCoCoJCE..z/8oNJXJKJvTa', '2024-05-04 20:47:01'),
(16, 'user16', 'jessica94@example.com', '$2a$10$bxFZMt4M6IjHAKj6peP.wu6ps2TBA2RCoCoJCE..z/8oNJXJKJvTa', '2023-06-13 00:31:09'),
(17, 'user17', 'stacieberger@example.com', '$2a$10$bxFZMt4M6IjHAKj6peP.wu6ps2TBA2RCoCoJCE..z/8oNJXJKJvTa', '2025-01-18 01:02:04'),
(18, 'user18', 'leestephanie@example.com', '$2a$10$bxFZMt4M6IjHAKj6peP.wu6ps2TBA2RCoCoJCE..z/8oNJXJKJvTa', '2025-03-03 18:49:42'),
(19, 'user19', 'spencerronald@example.net', '$2a$10$bxFZMt4M6IjHAKj6peP.wu6ps2TBA2RCoCoJCE..z/8oNJXJKJvTa', '2024-10-30 00:44:03'),
(20, 'user20', 'jordanjoyce@example.org', '$2a$10$bxFZMt4M6IjHAKj6peP.wu6ps2TBA2RCoCoJCE..z/8oNJXJKJvTa', '2023-06-04 14:35:09'),
(21, 'user21', 'ereed@example.org', '$2a$10$bxFZMt4M6IjHAKj6peP.wu6ps2TBA2RCoCoJCE..z/8oNJXJKJvTa', '2024-01-20 21:06:39'),
(22, 'user22', 'jennifer32@example.com', '$2a$10$bxFZMt4M6IjHAKj6peP.wu6ps2TBA2RCoCoJCE..z/8oNJXJKJvTa', '2024-02-20 12:35:36'),
(23, 'user23', 'ktran@example.org', '$2a$10$bxFZMt4M6IjHAKj6peP.wu6ps2TBA2RCoCoJCE..z/8oNJXJKJvTa', '2024-10-25 16:54:08'),
(24, 'user24', 'phillip39@example.com', '$2a$10$bxFZMt4M6IjHAKj6peP.wu6ps2TBA2RCoCoJCE..z/8oNJXJKJvTa', '2025-04-16 21:11:07'),
(25, 'user25', 'jenniferhowell@example.net', '$2a$10$bxFZMt4M6IjHAKj6peP.wu6ps2TBA2RCoCoJCE..z/8oNJXJKJvTa', '2023-12-27 23:54:10'),
(26, 'user26', 'johnsoncarol@example.net', '$2a$10$bxFZMt4M6IjHAKj6peP.wu6ps2TBA2RCoCoJCE..z/8oNJXJKJvTa', '2024-03-26 22:45:51'),
(27, 'user27', 'kathryn85@example.com', '$2a$10$bxFZMt4M6IjHAKj6peP.wu6ps2TBA2RCoCoJCE..z/8oNJXJKJvTa', '2025-02-28 23:58:18'),
(28, 'user28', 'jeffrey47@example.net', '$2a$10$bxFZMt4M6IjHAKj6peP.wu6ps2TBA2RCoCoJCE..z/8oNJXJKJvTa', '2024-02-10 13:37:47'),
(29, 'user29', 'rthomas@example.net', '$2a$10$bxFZMt4M6IjHAKj6peP.wu6ps2TBA2RCoCoJCE..z/8oNJXJKJvTa', '2023-10-23 00:07:16'),
(30, 'user30', 'fli@example.com', '$2a$10$bxFZMt4M6IjHAKj6peP.wu6ps2TBA2RCoCoJCE..z/8oNJXJKJvTa', '2024-10-12 05:15:51'),
(31, 'user31', 'petersonmaureen@example.com', '$2a$10$bxFZMt4M6IjHAKj6peP.wu6ps2TBA2RCoCoJCE..z/8oNJXJKJvTa', '2024-05-08 01:54:19'),
(32, 'user32', 'cdavies@example.net', '$2a$10$bxFZMt4M6IjHAKj6peP.wu6ps2TBA2RCoCoJCE..z/8oNJXJKJvTa', '2024-07-16 13:06:04'),
(33, 'user33', 'cgonzalez@example.org', '$2a$10$bxFZMt4M6IjHAKj6peP.wu6ps2TBA2RCoCoJCE..z/8oNJXJKJvTa', '2024-09-21 05:13:04'),
(34, 'user34', 'kevinvasquez@example.net', '$2a$10$bxFZMt4M6IjHAKj6peP.wu6ps2TBA2RCoCoJCE..z/8oNJXJKJvTa', '2023-10-04 04:12:42'),
(35, 'user35', 'amanda49@example.org', '$2a$10$bxFZMt4M6IjHAKj6peP.wu6ps2TBA2RCoCoJCE..z/8oNJXJKJvTa', '2024-10-01 20:54:13'),
(36, 'user36', 'williamgarza@example.net', '$2a$10$bxFZMt4M6IjHAKj6peP.wu6ps2TBA2RCoCoJCE..z/8oNJXJKJvTa', '2023-05-25 17:14:30'),
(37, 'user37', 'jphillips@example.org', '$2a$10$bxFZMt4M6IjHAKj6peP.wu6ps2TBA2RCoCoJCE..z/8oNJXJKJvTa', '2024-04-18 00:42:48'),
(38, 'user38', 'hermandebra@example.net', '$2a$10$bxFZMt4M6IjHAKj6peP.wu6ps2TBA2RCoCoJCE..z/8oNJXJKJvTa', '2024-05-05 21:36:08'),
(39, 'user39', 'bmoss@example.org', '$2a$10$bxFZMt4M6IjHAKj6peP.wu6ps2TBA2RCoCoJCE..z/8oNJXJKJvTa', '2024-12-26 07:41:29'),
(40, 'user40', 'franciscowalton@example.net', '$2a$10$bxFZMt4M6IjHAKj6peP.wu6ps2TBA2RCoCoJCE..z/8oNJXJKJvTa', '2023-05-25 00:08:50'),
(41, 'user41', 'zmurray@example.com', '$2a$10$bxFZMt4M6IjHAKj6peP.wu6ps2TBA2RCoCoJCE..z/8oNJXJKJvTa', '2024-09-26 01:23:42'),
(42, 'user42', 'karen06@example.com', '$2a$10$bxFZMt4M6IjHAKj6peP.wu6ps2TBA2RCoCoJCE..z/8oNJXJKJvTa', '2024-12-27 11:29:00'),
(43, 'user43', 'gloverchristopher@example.org', '$2a$10$bxFZMt4M6IjHAKj6peP.wu6ps2TBA2RCoCoJCE..z/8oNJXJKJvTa', '2025-03-27 02:16:27'),
(44, 'user44', 'crystal32@example.net', '$2a$10$bxFZMt4M6IjHAKj6peP.wu6ps2TBA2RCoCoJCE..z/8oNJXJKJvTa', '2023-09-22 00:59:12'),
(45, 'user45', 'millerandrea@example.com', '$2a$10$bxFZMt4M6IjHAKj6peP.wu6ps2TBA2RCoCoJCE..z/8oNJXJKJvTa', '2024-07-13 16:25:08'),
(46, 'user46', 'sandrakline@example.com', '$2a$10$bxFZMt4M6IjHAKj6peP.wu6ps2TBA2RCoCoJCE..z/8oNJXJKJvTa', '2023-10-15 18:59:50'),
(47, 'user47', 'jmurphy@example.com', '$2a$10$bxFZMt4M6IjHAKj6peP.wu6ps2TBA2RCoCoJCE..z/8oNJXJKJvTa', '2024-04-23 14:25:05'),
(48, 'user48', 'charlesjones@example.net', '$2a$10$bxFZMt4M6IjHAKj6peP.wu6ps2TBA2RCoCoJCE..z/8oNJXJKJvTa', '2024-09-16 19:51:14'),
(49, 'user49', 'michaelcarpenter@example.org', '$2a$10$bxFZMt4M6IjHAKj6peP.wu6ps2TBA2RCoCoJCE..z/8oNJXJKJvTa', '2023-04-22 06:22:28'),
(50, 'user50', 'brianpierce@example.org', '$2a$10$bxFZMt4M6IjHAKj6peP.wu6ps2TBA2RCoCoJCE..z/8oNJXJKJvTa', '2025-02-06 13:56:43'),
(51, 'user51', 'hmullen@example.net', '$2a$10$bxFZMt4M6IjHAKj6peP.wu6ps2TBA2RCoCoJCE..z/8oNJXJKJvTa', '2025-04-03 02:00:10'),
(52, 'user52', 'eric06@example.com', '$2a$10$bxFZMt4M6IjHAKj6peP.wu6ps2TBA2RCoCoJCE..z/8oNJXJKJvTa', '2024-05-03 19:05:54'),
(53, 'user53', 'benjamin50@example.net', '$2a$10$bxFZMt4M6IjHAKj6peP.wu6ps2TBA2RCoCoJCE..z/8oNJXJKJvTa', '2023-06-05 02:05:20'),
(54, 'user54', 'malonebrian@example.com', '$2a$10$bxFZMt4M6IjHAKj6peP.wu6ps2TBA2RCoCoJCE..z/8oNJXJKJvTa', '2025-01-03 05:24:26'),
(55, 'user55', 'zhanson@example.com', '$2a$10$bxFZMt4M6IjHAKj6peP.wu6ps2TBA2RCoCoJCE..z/8oNJXJKJvTa', '2023-09-04 02:01:58'),
(56, 'user56', 'crawfordemily@example.org', '$2a$10$bxFZMt4M6IjHAKj6peP.wu6ps2TBA2RCoCoJCE..z/8oNJXJKJvTa', '2023-09-16 08:22:15'),
(57, 'user57', 'colemanchristopher@example.net', '$2a$10$bxFZMt4M6IjHAKj6peP.wu6ps2TBA2RCoCoJCE..z/8oNJXJKJvTa', '2024-08-31 00:14:12'),
(58, 'user58', 'robertdyer@example.org', '$2a$10$bxFZMt4M6IjHAKj6peP.wu6ps2TBA2RCoCoJCE..z/8oNJXJKJvTa', '2023-10-12 17:56:19'),
(59, 'user59', 'samuelcoleman@example.net', '$2a$10$bxFZMt4M6IjHAKj6peP.wu6ps2TBA2RCoCoJCE..z/8oNJXJKJvTa', '2024-06-19 18:12:33'),
(60, 'user60', 'damon54@example.org', '$2a$10$bxFZMt4M6IjHAKj6peP.wu6ps2TBA2RCoCoJCE..z/8oNJXJKJvTa', '2024-10-24 06:43:48'),
(61, 'user61', 'urichardson@example.org', '$2a$10$bxFZMt4M6IjHAKj6peP.wu6ps2TBA2RCoCoJCE..z/8oNJXJKJvTa', '2024-12-15 19:20:55'),
(62, 'user62', 'breanna53@example.org', '$2a$10$bxFZMt4M6IjHAKj6peP.wu6ps2TBA2RCoCoJCE..z/8oNJXJKJvTa', '2025-03-17 21:47:03'),
(63, 'user63', 'terrybryan@example.net', '$2a$10$bxFZMt4M6IjHAKj6peP.wu6ps2TBA2RCoCoJCE..z/8oNJXJKJvTa', '2024-06-05 17:40:08'),
(64, 'user64', 'zwerner@example.com', '$2a$10$bxFZMt4M6IjHAKj6peP.wu6ps2TBA2RCoCoJCE..z/8oNJXJKJvTa', '2023-04-22 05:45:50'),
(65, 'user65', 'gregorytara@example.net', '$2a$10$bxFZMt4M6IjHAKj6peP.wu6ps2TBA2RCoCoJCE..z/8oNJXJKJvTa', '2024-04-10 16:54:42'),
(66, 'user66', 'brauncarla@example.net', '$2a$10$bxFZMt4M6IjHAKj6peP.wu6ps2TBA2RCoCoJCE..z/8oNJXJKJvTa', '2024-04-04 04:23:57'),
(67, 'user67', 'christopherhaas@example.net', '$2a$10$bxFZMt4M6IjHAKj6peP.wu6ps2TBA2RCoCoJCE..z/8oNJXJKJvTa', '2025-02-15 19:32:02'),
(68, 'user68', 'julie02@example.org', '$2a$10$bxFZMt4M6IjHAKj6peP.wu6ps2TBA2RCoCoJCE..z/8oNJXJKJvTa', '2023-07-14 19:07:35'),
(69, 'user69', 'leahortiz@example.org', '$2a$10$bxFZMt4M6IjHAKj6peP.wu6ps2TBA2RCoCoJCE..z/8oNJXJKJvTa', '2023-09-25 12:52:59'),
(70, 'user70', 'paul51@example.com', '$2a$10$bxFZMt4M6IjHAKj6peP.wu6ps2TBA2RCoCoJCE..z/8oNJXJKJvTa', '2024-08-14 10:20:44'),
(71, 'user71', 'frankgreene@example.com', '$2a$10$bxFZMt4M6IjHAKj6peP.wu6ps2TBA2RCoCoJCE..z/8oNJXJKJvTa', '2023-11-16 20:54:33'),
(72, 'user72', 'craigjuan@example.com', '$2a$10$bxFZMt4M6IjHAKj6peP.wu6ps2TBA2RCoCoJCE..z/8oNJXJKJvTa', '2023-08-17 15:23:26'),
(73, 'user73', 'gallaghernancy@example.org', '$2a$10$bxFZMt4M6IjHAKj6peP.wu6ps2TBA2RCoCoJCE..z/8oNJXJKJvTa', '2024-10-20 07:52:55'),
(74, 'user74', 'edwinguerrero@example.org', '$2a$10$bxFZMt4M6IjHAKj6peP.wu6ps2TBA2RCoCoJCE..z/8oNJXJKJvTa', '2023-10-23 10:21:28'),
(75, 'user75', 'david31@example.net', '$2a$10$bxFZMt4M6IjHAKj6peP.wu6ps2TBA2RCoCoJCE..z/8oNJXJKJvTa', '2024-05-26 07:29:59'),
(76, 'user76', 'khowell@example.com', '$2a$10$bxFZMt4M6IjHAKj6peP.wu6ps2TBA2RCoCoJCE..z/8oNJXJKJvTa', '2024-11-09 13:03:06'),
(77, 'user77', 'zdavis@example.org', '$2a$10$bxFZMt4M6IjHAKj6peP.wu6ps2TBA2RCoCoJCE..z/8oNJXJKJvTa', '2024-10-29 19:39:42'),
(78, 'user78', 'jennifer80@example.net', '$2a$10$bxFZMt4M6IjHAKj6peP.wu6ps2TBA2RCoCoJCE..z/8oNJXJKJvTa', '2025-04-05 15:10:09'),
(79, 'user79', 'craighawkins@example.com', '$2a$10$bxFZMt4M6IjHAKj6peP.wu6ps2TBA2RCoCoJCE..z/8oNJXJKJvTa', '2023-12-29 23:18:21'),
(80, 'user80', 'robyn46@example.com', '$2a$10$bxFZMt4M6IjHAKj6peP.wu6ps2TBA2RCoCoJCE..z/8oNJXJKJvTa', '2024-01-11 11:22:54'),
(81, 'user81', 'mayamber@example.net', '$2a$10$bxFZMt4M6IjHAKj6peP.wu6ps2TBA2RCoCoJCE..z/8oNJXJKJvTa', '2023-11-16 22:24:41'),
(82, 'user82', 'austin50@example.org', '$2a$10$bxFZMt4M6IjHAKj6peP.wu6ps2TBA2RCoCoJCE..z/8oNJXJKJvTa', '2024-03-19 17:57:08'),
(83, 'user83', 'ptanner@example.net', '$2a$10$bxFZMt4M6IjHAKj6peP.wu6ps2TBA2RCoCoJCE..z/8oNJXJKJvTa', '2024-01-14 00:37:15'),
(84, 'user84', 'carolyndudley@example.net', '$2a$10$bxFZMt4M6IjHAKj6peP.wu6ps2TBA2RCoCoJCE..z/8oNJXJKJvTa', '2023-05-08 11:26:34'),
(85, 'user85', 'mjones@example.net', '$2a$10$bxFZMt4M6IjHAKj6peP.wu6ps2TBA2RCoCoJCE..z/8oNJXJKJvTa', '2024-06-11 11:32:14'),
(86, 'user86', 'ndoyle@example.net', '$2a$10$bxFZMt4M6IjHAKj6peP.wu6ps2TBA2RCoCoJCE..z/8oNJXJKJvTa', '2024-05-06 08:47:39'),
(87, 'user87', 'thart@example.net', '$2a$10$bxFZMt4M6IjHAKj6peP.wu6ps2TBA2RCoCoJCE..z/8oNJXJKJvTa', '2023-07-30 08:16:40'),
(88, 'user88', 'ygray@example.org', '$2a$10$bxFZMt4M6IjHAKj6peP.wu6ps2TBA2RCoCoJCE..z/8oNJXJKJvTa', '2023-06-20 08:47:54'),
(89, 'user89', 'mark49@example.com', '$2a$10$bxFZMt4M6IjHAKj6peP.wu6ps2TBA2RCoCoJCE..z/8oNJXJKJvTa', '2024-10-26 08:25:52'),
(90, 'user90', 'daniel92@example.org', '$2a$10$bxFZMt4M6IjHAKj6peP.wu6ps2TBA2RCoCoJCE..z/8oNJXJKJvTa', '2024-01-17 11:03:19'),
(91, 'user91', 'handerson@example.net', '$2a$10$bxFZMt4M6IjHAKj6peP.wu6ps2TBA2RCoCoJCE..z/8oNJXJKJvTa', '2023-08-18 18:25:35'),
(92, 'user92', 'whale@example.net', '$2a$10$bxFZMt4M6IjHAKj6peP.wu6ps2TBA2RCoCoJCE..z/8oNJXJKJvTa', '2024-03-24 03:54:22'),
(93, 'user93', 'parsonskevin@example.com', '$2a$10$bxFZMt4M6IjHAKj6peP.wu6ps2TBA2RCoCoJCE..z/8oNJXJKJvTa', '2024-11-06 06:11:54'),
(94, 'user94', 'dhanson@example.org', '$2a$10$bxFZMt4M6IjHAKj6peP.wu6ps2TBA2RCoCoJCE..z/8oNJXJKJvTa', '2023-07-10 15:20:07'),
(95, 'user95', 'donovanjimmy@example.org', '$2a$10$bxFZMt4M6IjHAKj6peP.wu6ps2TBA2RCoCoJCE..z/8oNJXJKJvTa', '2023-10-19 00:06:41'),
(96, 'user96', 'ericksonjill@example.org', '$2a$10$bxFZMt4M6IjHAKj6peP.wu6ps2TBA2RCoCoJCE..z/8oNJXJKJvTa', '2025-03-27 01:00:42'),
(97, 'user97', 'silvaalexa@example.org', '$2a$10$bxFZMt4M6IjHAKj6peP.wu6ps2TBA2RCoCoJCE..z/8oNJXJKJvTa', '2024-07-09 17:31:38'),
(98, 'user98', 'kimberly95@example.org', '$2a$10$bxFZMt4M6IjHAKj6peP.wu6ps2TBA2RCoCoJCE..z/8oNJXJKJvTa', '2023-12-09 04:16:27'),
(99, 'user99', 'sharon49@example.com', '$2a$10$bxFZMt4M6IjHAKj6peP.wu6ps2TBA2RCoCoJCE..z/8oNJXJKJvTa', '2025-01-09 15:29:41'),
(100, 'user100', 'jennifer08@example.net', '$2a$10$bxFZMt4M6IjHAKj6peP.wu6ps2TBA2RCoCoJCE..z/8oNJXJKJvTa', '2025-02-23 11:03:15');

-- === PROFILES ===
INSERT INTO profiles (user_id, display_name, biography, birthday, profile_picture_url, spotify_song_id, user_location_text, user_location, match_distance_miles, gender, preferred_gender, preferred_age_min, preferred_age_max) VALUES
(1, 'Jessica Ross', 'Do relationship military idea. Open eight computer ability point finish agree experience. Modern hotel glass she single.', '1992-10-04', 'https://upload.wikimedia.org/wikipedia/commons/thumb/3/3a/Cat03.jpg/1200px-Cat03.jpg', NULL, 'Fort Collins', ST_SetSRID(ST_MakePoint(-108.207074, 38.975457),4326)::GEOGRAPHY, 579, 'male', 'male', 25, 29),
(2, 'Leslie Tran', 'All future body wide hope black. Very dinner enter physical treat suffer blue. Attention almost TV degree record.', '1992-10-13', 'https://cdn.sanity.io/images/5vm5yn1d/pro/e8901b37029ada974f945ce569a5643b511fb4a9-1499x1000.jpg?fm=webp&q=80', NULL, 'Denver', ST_SetSRID(ST_MakePoint(-106.659337, 40.063039),4326)::GEOGRAPHY, 287, 'female', 'male', 28, 44),
(3, 'Nicholas Howard', 'Performance customer with foot may full Mrs. Fine store leader visit kitchen. Wear allow data series.', '2002-06-07', 'https://s7d2.scene7.com/is/image/PetSmart/WEB-2426203-Aug24-6TUS1_EGDealsCat_DMA', NULL, 'Denver', ST_SetSRID(ST_MakePoint(-104.082503, 39.384853),4326)::GEOGRAPHY, 78, 'female', 'female', 28, 62),
(4, 'Michael Lee', 'Film the enough treat here per than. Election standard firm model truth many stand.', '1993-11-29', 'https://i.natgeofe.com/n/fa48a59d-202e-4f47-9a22-6672c2b025d7/GettyImages-83454800-CROP.jpg', NULL, 'Aspen', ST_SetSRID(ST_MakePoint(-108.449466, 40.402254),4326)::GEOGRAPHY, 247, 'male', 'male', 22, 67),
(5, 'Robert Gray', 'Store free give follow. Address he the team policy free personal one. Camera discover ground themselves century.', '2006-01-30', 'https://sonoraliveoakvet.com/wp-content/uploads/2023/09/cat-coughing-scaled.jpg', NULL, 'Boulder', ST_SetSRID(ST_MakePoint(-108.298690, 38.937021),4326)::GEOGRAPHY, 746, 'male', 'male', 22, 42),
(6, 'Kathryn Espinoza', 'Improve discussion early vote move would. Office so free break. Book of however already every.', '1986-06-03', 'https://humanecolorado.org/wp-content/uploads/2025/03/620x620-cat3.png', NULL, 'Denver', ST_SetSRID(ST_MakePoint(-105.992288, 37.875727),4326)::GEOGRAPHY, 493, 'male', 'female', 28, 68),
(7, 'Mary Miller', 'Deep stage huge there similar your television early. Song beat lose participant study.
Best data PM might.', '1983-01-02', 'https://www.bluecross.org.uk/sites/default/files/d8/styles/theme_feature_extra_large/public/2024-05/BX170007_Daisy-2024-04-23-0911_lpr.jpg.webp?itok=1VaZGoSw', NULL, 'Aspen', ST_SetSRID(ST_MakePoint(-107.222806, 40.754530),4326)::GEOGRAPHY, 63, 'male', 'male', 21, 42),
(8, 'Shawn Hall', 'Mouth whole wife wall. Wrong five along each. Soldier sense purpose both next.', '1985-12-30', 'https://upload.wikimedia.org/wikipedia/commons/4/4d/Cat_November_2010-1a.jpg', NULL, 'Denver', ST_SetSRID(ST_MakePoint(-105.078462, 39.229897),4326)::GEOGRAPHY, 644, 'female', 'female', 24, 48),
(9, 'Holly Martin', 'Lay remain act able still do spend. Yes seven long detail economic surface feel stop. Join important group through.', '1998-06-02', 'https://cms.bps.org.uk/sites/default/files/styles/responsive/public/765/534/0/2022-09/Grumpy%20cat%202.jpeg', NULL, 'Grand Junction', ST_SetSRID(ST_MakePoint(-106.567375, 39.582332),4326)::GEOGRAPHY, 838, 'male', 'female', 23, 25),
(10, 'Johnathan Medina', 'Lot walk professional teach line partner. Just floor benefit sort explain away.', '1987-08-07', 'https://petlibro.com/cdn/shop/files/shutterstock_1422948287.jpg?v=1704968235', NULL, 'Colorado Springs', ST_SetSRID(ST_MakePoint(-107.723369, 40.240462),4326)::GEOGRAPHY, 895, 'female', 'female', 27, 77),
(11, 'David White', 'Never man them ball billion its. Type idea soon.
Training interest home. Hold difficult into practice. Someone eight create always reveal.', '1988-03-17', 'https://moderncat.com/wp-content/uploads/2014/03/bigstock-46771525_Andrey_Kuzmin-1-940x640.jpg', NULL, 'Fort Collins', ST_SetSRID(ST_MakePoint(-104.920234, 37.986827),4326)::GEOGRAPHY, 574, 'female', 'female', 18, 41),
(12, 'Sarah James', 'Technology question out century happy. Feel future politics firm my.', '1993-10-16', 'https://www.paws.org/wp-content/uploads/2020/02/HappyCat-HP.jpg', NULL, 'Pueblo', ST_SetSRID(ST_MakePoint(-104.906695, 38.596452),4326)::GEOGRAPHY, 161, 'male', 'female', 21, 80),
(13, 'Jill Martin', 'Age own until. Power tree camera through establish.', '1986-05-27', 'https://static.scientificamerican.com/sciam/cache/file/32665E6F-8D90-4567-9769D59E11DB7F26_source.jpg?w=1200', NULL, 'Loveland', ST_SetSRID(ST_MakePoint(-107.663250, 40.891107),4326)::GEOGRAPHY, 992, 'female', 'female', 18, 79),
(14, 'Kathy Davenport', 'Expert drive election democratic quickly. Word bad appear create itself street seat pay.', '2000-02-01', 'https://images.squarespace-cdn.com/content/v1/607f89e638219e13eee71b1e/1684821560422-SD5V37BAG28BURTLIXUQ/michael-sum-LEpfefQf4rU-unsplash.jpg', NULL, 'Pueblo', ST_SetSRID(ST_MakePoint(-102.179095, 39.469542),4326)::GEOGRAPHY, 607, 'female', 'male', 29, 46),
(15, 'Daniel Powers', 'Capital tough task professor civil. Environment share style forget body contain. Concern most whose center get guess every.', '1987-05-11', 'https://upload.wikimedia.org/wikipedia/commons/thumb/1/15/Cat_August_2010-4.jpg/960px-Cat_August_2010-4.jpg', NULL, 'Denver', ST_SetSRID(ST_MakePoint(-107.361221, 39.531854),4326)::GEOGRAPHY, 61, 'female', 'male', 27, 85),
(16, 'Lori Gonzales', 'Company despite relate attention some about. Amount by course analysis. North garden parent party them certain catch.', '1986-05-23', 'https://www.daysoftheyear.com/cdn-cgi/image/dpr=1%2Cf=auto%2Cfit=cover%2Ch=1333%2Cq=85%2Cw=2000/wp-content/uploads/happy-cat-month-1.jpg', NULL, 'Denver', ST_SetSRID(ST_MakePoint(-108.596164, 39.203823),4326)::GEOGRAPHY, 913, 'female', 'any', 20, 70),
(17, 'Timothy Smith', 'Understand successful people yeah school technology. Industry information hundred ago event network best science.', '2006-01-05', 'https://upload.wikimedia.org/wikipedia/commons/thumb/a/af/Domesticated_indoor_cat_WI.jpg/960px-Domesticated_indoor_cat_WI.jpg', NULL, 'Greeley', ST_SetSRID(ST_MakePoint(-104.416436, 40.068029),4326)::GEOGRAPHY, 648, 'male', 'male', 22, 85),
(18, 'Ryan Jefferson Jr.', 'Some official region no call not. Available choose young.', '1979-12-06', 'https://www.bluecross.org.uk/sites/default/files/d8/styles/theme_feature_extra_large/public/2024-05/BX170007_Daisy-2024-04-23-0911_lpr.jpg.webp?itok=1VaZGoSw', NULL, 'Vail', ST_SetSRID(ST_MakePoint(-106.457971, 37.336051),4326)::GEOGRAPHY, 374, 'male', 'female', 22, 30),
(19, 'Debra Carrillo', 'Although so government. Last or speech remain movement great. Find order us director certain.', '2002-08-10', 'https://upload.wikimedia.org/wikipedia/commons/thumb/1/15/Cat_August_2010-4.jpg/960px-Cat_August_2010-4.jpg', NULL, 'Vail', ST_SetSRID(ST_MakePoint(-104.111580, 38.450936),4326)::GEOGRAPHY, 680, 'female', 'male', 22, 34),
(20, 'Natasha Spears', 'Piece any book new try relate real fill. We Mrs chair story put share nice. Moment provide draw then think prove.', '2003-08-26', 'https://th-thumbnailer.cdn-si-edu.com/ii_ZQzqzZgBKT6z9DVNhfPhZe5g=/fit-in/1600x0/filters:focal(1061x707:1062x708)/https://tf-cmsv2-smithsonianmag-media.s3.amazonaws.com/filer_public/55/95/55958815-3a8a-4032-ac7a-ff8c8ec8898a/gettyimages-1067956982.jpg', NULL, 'Greeley', ST_SetSRID(ST_MakePoint(-108.595538, 40.598261),4326)::GEOGRAPHY, 585, 'female', 'female', 22, 48),
(21, 'William Holloway', 'War leave item.
Brother allow itself. Wait wear behavior meet suggest well.', '1986-06-27', 'https://www.bluecross.org.uk/sites/default/files/d8/styles/theme_feature_extra_large/public/2024-05/BX170007_Daisy-2024-04-23-0911_lpr.jpg.webp?itok=1VaZGoSw', NULL, 'Grand Junction', ST_SetSRID(ST_MakePoint(-103.306939, 38.714687),4326)::GEOGRAPHY, 498, 'male', 'female', 23, 65),
(22, 'Sandra Caldwell', 'Every I whole window whose kind. Nation avoid draw break hold property. Else throw general trade.', '1995-05-26', 'https://www.humaneworld.org/sites/default/files/styles/responsive_3_4_500w/public/2020-07/kitten-510651.jpg.webp?itok=WZKA-A90', NULL, 'Vail', ST_SetSRID(ST_MakePoint(-103.066478, 40.742114),4326)::GEOGRAPHY, 924, 'female', 'female', 29, 100),
(23, 'Corey Douglas', 'Political smile wife wrong apply. Writer up man wide. Sort south better market memory television.', '1982-10-19', 'https://petlibro.com/cdn/shop/files/shutterstock_1422948287.jpg?v=1704968235', NULL, 'Grand Junction', ST_SetSRID(ST_MakePoint(-103.773247, 37.483860),4326)::GEOGRAPHY, 77, 'male', 'male', 29, 50),
(24, 'Ralph English', 'Newspaper walk president throw sing site. Level fly will. By work care single win day source.', '1995-09-26', 'https://media.npr.org/assets/img/2023/12/12/gettyimages-1054147940-627235e01fb63b4644bec84204c259f0a343e35b.jpg', NULL, 'Greeley', ST_SetSRID(ST_MakePoint(-102.079044, 40.703446),4326)::GEOGRAPHY, 960, 'female', 'male', 22, 37),
(25, 'Steven Edwards', 'Friend staff soon must finish information often. Toward enough investment seem left popular media forward.', '1984-07-24', 'https://cdn.sanity.io/images/5vm5yn1d/pro/e8901b37029ada974f945ce569a5643b511fb4a9-1499x1000.jpg?fm=webp&q=80', NULL, 'Greeley', ST_SetSRID(ST_MakePoint(-103.891617, 37.979709),4326)::GEOGRAPHY, 291, 'other', 'any', 21, 84),
(26, 'Tracy Thomas', 'Raise same organization possible information network. Particularly able central best loss answer avoid.', '1985-09-02', 'https://cdn.psychologytoday.com/sites/default/files/styles/article-inline-half-caption/public/field_blog_entry_images/2021-12/img_1570.jpg?itok=4nWOikbM', NULL, 'Loveland', ST_SetSRID(ST_MakePoint(-104.458473, 37.736308),4326)::GEOGRAPHY, 221, 'female', 'male', 21, 34),
(27, 'Brianna Reese', 'History gas tough tonight. Including about season small.', '1998-11-16', 'https://d3544la1u8djza.cloudfront.net/APHI/Blog/2020/07-23/How+Much+Does+It+Cost+to+Have+a+Cat+_+ASPCA+Pet+Insurance+_+black+cat+with+yellow+eyes+peeking+out-min.jpg', NULL, 'Greeley', ST_SetSRID(ST_MakePoint(-102.953373, 37.452346),4326)::GEOGRAPHY, 318, 'female', 'any', 19, 84),
(28, 'Fred Jones', 'Past class authority trouble. Arrive break receive.
Fine natural many thought dream race board.', '1988-07-06', 'https://moderncat.com/wp-content/uploads/2014/03/bigstock-46771525_Andrey_Kuzmin-1-940x640.jpg', NULL, 'Loveland', ST_SetSRID(ST_MakePoint(-105.496700, 40.227350),4326)::GEOGRAPHY, 433, 'female', 'female', 29, 93),
(29, 'Michelle Thompson', 'Kind training only assume almost where positive music. About phone hotel fine business picture strategy. Lay relate contain can.', '1995-06-01', 'https://media.wired.com/photos/59324c6352d99d6b984dd8ee/master/w_2560%2Cc_limit/Grumpy_Kitty....jpg', NULL, 'Greeley', ST_SetSRID(ST_MakePoint(-104.798191, 37.836398),4326)::GEOGRAPHY, 471, 'male', 'female', 18, 33),
(30, 'Michelle Fernandez', 'Audience those part open base. Management industry war more soldier attack.', '1996-09-20', 'https://petlibro.com/cdn/shop/files/shutterstock_1422948287.jpg?v=1704968235', NULL, 'Pueblo', ST_SetSRID(ST_MakePoint(-103.902372, 38.395117),4326)::GEOGRAPHY, 914, 'female', 'female', 28, 89),
(31, 'Victoria Hill', 'Onto other report present election.
Budget through sure beat enter people ball. Sometimes machine blue yes.', '1989-10-22', 'https://blog.nature.org/wp-content/uploads/2022/05/29473548577_8414ac0a6e_k.jpg', NULL, 'Fort Collins', ST_SetSRID(ST_MakePoint(-105.445277, 38.332080),4326)::GEOGRAPHY, 393, 'male', 'female', 25, 82),
(32, 'James Webster', 'Note interview today allow parent indicate. Population great though a lay event. Quality together body per beautiful stand.', '2000-02-13', 'https://static01.nyt.com/images/2024/11/06/multimedia/03BEATA-gftv/03BEATA-gftv-articleLarge.jpg?quality=75&auto=webp&disable=upscale', NULL, 'Boulder', ST_SetSRID(ST_MakePoint(-104.265809, 40.389038),4326)::GEOGRAPHY, 795, 'male', 'female', 21, 94),
(33, 'Deanna Thompson', 'Word recently build open stage establish. Drop over according. Its nearly ask theory charge. Thought seek magazine.', '2004-09-01', 'https://blog.nature.org/wp-content/uploads/2022/05/29473548577_8414ac0a6e_k.jpg', NULL, 'Loveland', ST_SetSRID(ST_MakePoint(-108.290318, 39.625438),4326)::GEOGRAPHY, 385, 'male', 'any', 22, 31),
(34, 'Austin Cox', 'Back rather tend foot especially. Assume eye store note forget forget.', '1982-08-19', 'https://panthera.org/sites/default/files/blog-post-images/IMG-508102-Manul-Pallas-Cat-Mongolia-Sebastian-Kennerknecht%20%281%29.jpg', NULL, 'Denver', ST_SetSRID(ST_MakePoint(-108.476612, 37.749412),4326)::GEOGRAPHY, 683, 'male', 'female', 30, 52),
(35, 'Michael Garcia', 'Nature experience avoid. As lay family. Quality gas forward quality let thousand while.
Four middle low issue cell.', '1994-10-28', 'https://sonoraliveoakvet.com/wp-content/uploads/2023/09/cat-coughing-scaled.jpg', NULL, 'Aspen', ST_SetSRID(ST_MakePoint(-104.355426, 38.398443),4326)::GEOGRAPHY, 800, 'female', 'male', 26, 71),
(36, 'Mrs. Chelsea Miller PhD', 'Production include second glass. Music fund north per article now.', '1987-12-14', 'https://i.ytimg.com/vi/paWE-GvDO1c/maxresdefault.jpg', NULL, 'Vail', ST_SetSRID(ST_MakePoint(-106.307240, 40.098525),4326)::GEOGRAPHY, 584, 'female', 'female', 25, 71),
(37, 'Matthew Wood', 'Catch account seek play increase participant. Source finally lead need economy side.', '2005-06-17', 'https://d3544la1u8djza.cloudfront.net/APHI/Blog/2020/07-23/How+Much+Does+It+Cost+to+Have+a+Cat+_+ASPCA+Pet+Insurance+_+black+cat+with+yellow+eyes+peeking+out-min.jpg', NULL, 'Pueblo', ST_SetSRID(ST_MakePoint(-106.064836, 39.691916),4326)::GEOGRAPHY, 930, 'female', 'male', 22, 34),
(38, 'Jeffrey Powell', 'Remember past fear good marriage. Fill consider relationship old.', '1993-03-24', 'https://www.purina.in/sites/default/files/2020-12/Understanding%20Your%20Cat%27s%20Body%20LanguageHERO.jpg', NULL, 'Pueblo', ST_SetSRID(ST_MakePoint(-108.557937, 37.963173),4326)::GEOGRAPHY, 347, 'male', 'male', 21, 31),
(39, 'Angela Berry', 'Field force rich to. Include plant south over.', '1988-08-03', 'https://i.natgeofe.com/n/4cebbf38-5df4-4ed0-864a-4ebeb64d33a4/NationalGeographic_1468962.jpg', NULL, 'Aspen', ST_SetSRID(ST_MakePoint(-104.022885, 40.971105),4326)::GEOGRAPHY, 667, 'male', 'any', 30, 51),
(40, 'Corey Yu', 'Goal moment kid practice much. Manage bag seem listen call chance.', '1981-05-01', 'https://s7d2.scene7.com/is/image/PetSmart/WEB-2426203-Aug24-6TUS1_EGDealsCat_DMA', NULL, 'Greeley', ST_SetSRID(ST_MakePoint(-108.390455, 38.301135),4326)::GEOGRAPHY, 130, 'female', 'any', 30, 79),
(41, 'Randall Pratt', 'Discussion marriage second check. Father buy listen minute shoulder.', '1997-08-24', 'https://www.calgaryzoo.com/wp-content/uploads/2024/09/DSC01798-1.jpg', NULL, 'Pueblo', ST_SetSRID(ST_MakePoint(-105.855784, 38.237861),4326)::GEOGRAPHY, 915, 'female', 'male', 26, 55),
(42, 'Joseph Brady', 'Author above lay garden. Building glass morning. Interesting drive sign particularly carry. So save far rather thus.', '2003-12-25', 'https://woodgreen.org.uk/nitropack_static/xoJzNJaUrazkmGClTAEjQlzsnLULSpuy/assets/images/optimized/rev-fd6ce3e/woodgreen.org.uk/wp-content/uploads/2021/12/tabby_cat_in_the_garden-1536x0-c-default.webp', NULL, 'Aspen', ST_SetSRID(ST_MakePoint(-102.961364, 40.228885),4326)::GEOGRAPHY, 314, 'female', 'female', 26, 36),
(43, 'Kyle Floyd', 'Throw these next my store rich kid home. Style off manage myself late. Task effort leader campaign. Someone especially another never.', '1987-05-29', 'https://s7d2.scene7.com/is/image/PetSmart/WEB-2426203-Aug24-6TUS1_EGDealsCat_DMA', NULL, 'Vail', ST_SetSRID(ST_MakePoint(-108.641818, 38.166361),4326)::GEOGRAPHY, 841, 'female', 'female', 27, 60),
(44, 'Stephen Stephens', 'Article culture trial offer knowledge ask. Physical window current. Economic left analysis thousand forward.', '1991-11-03', 'https://images.ctfassets.net/82d3r48zq721/5nu9ucFJsFxIyP3Gtn0k3R/1e9540898865229d64b2eae22a5bb286/White-kitten-wrapped-in-blankets_resized.jpg?w=800&q=50', NULL, 'Fort Collins', ST_SetSRID(ST_MakePoint(-106.968109, 40.333351),4326)::GEOGRAPHY, 329, 'female', 'female', 27, 71),
(45, 'Jonathan Caldwell', 'Tax account series teach specific eye. Without identify run work interview answer can. Health girl change.', '1981-06-04', 'https://bestfriends.org/sites/default/files/resource_article_images/Robin-cat-5178LF.jpg', NULL, 'Pueblo', ST_SetSRID(ST_MakePoint(-106.023908, 37.865832),4326)::GEOGRAPHY, 730, 'male', 'female', 24, 38),
(46, 'Melissa Green', 'Above listen grow act interview. Serve traditional like expert. Process agent radio hour image continue.', '1988-12-30', 'https://bestfriends.org/sites/default/files/styles/hero_mobile/public/hero-dash/Asana3808_Dashboard_Standard.jpg?h=ebad9ecf&itok=cWevo33k', NULL, 'Vail', ST_SetSRID(ST_MakePoint(-105.566379, 38.410539),4326)::GEOGRAPHY, 190, 'female', 'male', 20, 64),
(47, 'Audrey Bennett', 'Size save measure miss. Phone line economy also. Inside him mention who.', '2004-08-30', 'https://cdn.theatlantic.com/thumbor/W544GIT4l3z8SG-FMUoaKpFLaxE=/0x131:2555x1568/1600x900/media/img/mt/2017/06/shutterstock_319985324/original.jpg', NULL, 'Aspen', ST_SetSRID(ST_MakePoint(-107.794463, 39.041260),4326)::GEOGRAPHY, 118, 'female', 'male', 23, 85),
(48, 'Jeffrey Maldonado', 'Between past as. Difficult different visit simple first. Four compare cultural remain throw and benefit.', '1988-05-02', 'https://images2.minutemediacdn.com/image/upload/c_fill,w_1200,ar_1:1,f_auto,q_auto,g_auto/shape/cover/sport/578211-gettyimages-542930526-aef7b0e9536cbdb1633029d5801c0649.jpg', NULL, 'Loveland', ST_SetSRID(ST_MakePoint(-104.700948, 40.788951),4326)::GEOGRAPHY, 711, 'other', 'male', 29, 39),
(49, 'Dana Conley', 'Month face finally debate note ground. Any without table.
Rather by bag among so Mrs.', '1985-02-22', 'https://humaneanimalrescue.org/wp-content/uploads/2019/08/community-cats-copy.jpg', NULL, 'Boulder', ST_SetSRID(ST_MakePoint(-108.964646, 39.923767),4326)::GEOGRAPHY, 247, 'female', 'female', 20, 47),
(50, 'Kimberly Manning', 'Shoulder probably development hour personal.
Eat various best capital. Half peace herself lose. Professional building low raise customer.', '2001-05-05', 'https://images.squarespace-cdn.com/content/v1/65a18fdea1d38d21e97fdd66/86f50f78-4390-4508-8714-7414e77b49aa/Everly.png', NULL, 'Aspen', ST_SetSRID(ST_MakePoint(-103.443712, 38.872507),4326)::GEOGRAPHY, 970, 'male', 'male', 19, 85),
(51, 'Nicholas Maxwell', 'Research green week. Class probably result.', '1992-09-05', 'https://cms.bps.org.uk/sites/default/files/styles/responsive/public/765/534/0/2022-09/Grumpy%20cat%202.jpeg', NULL, 'Greeley', ST_SetSRID(ST_MakePoint(-108.338102, 39.066530),4326)::GEOGRAPHY, 429, 'female', 'nonbinary', 30, 53),
(52, 'Carl Cohen', 'Study spend coach. Computer visit him at. Staff drug wife least piece month Mrs.
Say dog position garden weight. Series south mouth hope.', '1992-01-25', 'https://www.aspca.org/sites/default/files/cat-care_general-cat-care_body1-left.jpg', NULL, 'Fort Collins', ST_SetSRID(ST_MakePoint(-104.195477, 38.187421),4326)::GEOGRAPHY, 173, 'female', 'male', 29, 96),
(53, 'Veronica Barton', 'Billion nothing look democratic. Pattern prepare our either school.
Develop three source positive government. Child one him friend.', '1983-08-23', 'https://www.purina.in/sites/default/files/2020-12/The%20History%20of%20CatsHERO.jpg', NULL, 'Grand Junction', ST_SetSRID(ST_MakePoint(-108.846685, 37.840973),4326)::GEOGRAPHY, 831, 'female', 'male', 27, 66),
(54, 'Jamie Brown', 'Indicate artist budget few reality. Your thing participant fine. Student movement rock paper word office order.', '1986-02-03', 'https://media.4-paws.org/a/e/6/f/ae6fefbd6d12cfc50d51ebb7da9d7cbdb322d006/VIER%20PFOTEN_2020-10-07_00138-2890x2000-1920x1329.jpg', NULL, 'Grand Junction', ST_SetSRID(ST_MakePoint(-106.178212, 37.818054),4326)::GEOGRAPHY, 202, 'female', 'male', 18, 68),
(55, 'Brent Williams', 'Own whether wife everyone society social loss. Whom clearly teacher produce agreement. Then difference leader herself wrong step capital.', '1996-11-29', 'https://media.istockphoto.com/id/1443562748/photo/cute-ginger-cat.jpg?s=612x612&w=0&k=20&c=vvM97wWz-hMj7DLzfpYRmY2VswTqcFEKkC437hxm3Cg=', NULL, 'Grand Junction', ST_SetSRID(ST_MakePoint(-106.588243, 40.469238),4326)::GEOGRAPHY, 315, 'female', 'female', 26, 100),
(56, 'Elizabeth Walters', 'Child all fall rather health like card. Year bit popular type lawyer last owner would. College federal figure rise.', '1980-04-02', 'https://images.squarespace-cdn.com/content/v1/65a18fdea1d38d21e97fdd66/86f50f78-4390-4508-8714-7414e77b49aa/Everly.png', NULL, 'Boulder', ST_SetSRID(ST_MakePoint(-106.062136, 39.828351),4326)::GEOGRAPHY, 490, 'female', 'nonbinary', 29, 41),
(57, 'Jessica Owens', 'Always debate station particular. Across collection law none.
Will heavy attention measure just form own. Baby give body condition like.', '1985-05-31', 'https://www.thesprucepets.com/thmb/qu1ksKGL75-FYqaVSnFRmk_T5_U=/1500x375/filters:no_upscale():strip_icc()/cats-recirc3_2-1f5de201af94447a9063f83249260aff.jpg', NULL, 'Aurora', ST_SetSRID(ST_MakePoint(-105.428213, 39.981719),4326)::GEOGRAPHY, 477, 'male', 'female', 29, 80),
(58, 'Timothy Potts', 'Leader start very road go employee. Cold protect crime born it.
Religious professional health suggest. Their push minute issue.', '1986-10-01', 'https://static.scientificamerican.com/sciam/cache/file/2AE14CDD-1265-470C-9B15F49024186C10_source.jpg?w=1200', NULL, 'Colorado Springs', ST_SetSRID(ST_MakePoint(-104.304604, 38.257340),4326)::GEOGRAPHY, 265, 'female', 'female', 23, 93),
(59, 'Chloe Owens', 'Thing almost probably avoid order realize order white.
Cut send later end. Clearly over bank view back. Near decade follow view.', '1981-12-23', 'https://www.alleycat.org/wp-content/uploads/2019/03/FELV-cat.jpg', NULL, 'Loveland', ST_SetSRID(ST_MakePoint(-107.031365, 37.585816),4326)::GEOGRAPHY, 902, 'female', 'any', 30, 38),
(60, 'Julie Marshall', 'Strong they stock stop shake. Their process five half.
Travel affect from quite analysis full recently. Site fact ready war.', '1997-11-04', 'https://bestfriends.org/sites/default/files/styles/hero_mobile/public/hero-dash/Asana3808_Dashboard_Standard.jpg?h=ebad9ecf&itok=cWevo33k', NULL, 'Pueblo', ST_SetSRID(ST_MakePoint(-103.468749, 40.083436),4326)::GEOGRAPHY, 557, 'male', 'female', 20, 62),
(61, 'Matthew Carrillo', 'Executive Democrat another concern cost. Force cup we use nearly. Break stuff such audience church. Trial few cell age concern.', '1989-11-01', 'https://media.4-paws.org/a/e/6/f/ae6fefbd6d12cfc50d51ebb7da9d7cbdb322d006/VIER%20PFOTEN_2020-10-07_00138-2890x2000-1920x1329.jpg', NULL, 'Aspen', ST_SetSRID(ST_MakePoint(-107.448326, 37.568683),4326)::GEOGRAPHY, 982, 'male', 'any', 29, 50),
(62, 'Steven Shaw', 'Natural manager side on suffer much a. Finally chance ball list population style.', '2007-01-19', 'https://hips.hearstapps.com/hmg-prod/images/most-expensive-cat-breeds-british-shorthair-671026dc7cc33.jpg?crop=1xw:0.84375xh;center,top&resize=1200:*', NULL, 'Boulder', ST_SetSRID(ST_MakePoint(-105.407909, 38.896472),4326)::GEOGRAPHY, 403, 'female', 'male', 30, 90),
(63, 'Sarah Simmons', 'Education film prevent pass recently. Participant across age.', '1987-04-18', 'https://www.nekocatcafe.com/asset/677c5b1eca829/Front%20Page%201.2025.jpg', NULL, 'Durango', ST_SetSRID(ST_MakePoint(-102.268385, 39.024354),4326)::GEOGRAPHY, 941, 'male', 'any', 26, 90),
(64, 'Bradley Collins', 'Table order natural similar certainly occur. Drug quite manage successful task do each.', '1989-12-05', 'https://i.natgeofe.com/n/fa48a59d-202e-4f47-9a22-6672c2b025d7/GettyImages-83454800-CROP.jpg', NULL, 'Aurora', ST_SetSRID(ST_MakePoint(-108.423734, 40.399888),4326)::GEOGRAPHY, 614, 'female', 'any', 29, 71),
(65, 'Marie Martinez', 'Write idea miss training. House Republican give easy certain. Eat seven gun magazine could blood.', '1995-08-21', 'https://hips.hearstapps.com/hmg-prod/images/close-up-portrait-of-cat-sitting-on-floor-royalty-free-image-1718201739.jpg?crop=0.668xw:1.00xh;0.180xw,0&resize=980:*', NULL, 'Grand Junction', ST_SetSRID(ST_MakePoint(-105.436041, 39.901381),4326)::GEOGRAPHY, 591, 'female', 'female', 26, 58),
(66, 'Susan Espinoza', 'Business movement national difficult dinner reality on. Include important full.
Phone price send wait past. Painting end fine write.', '1982-10-18', 'https://www.purina.in/sites/default/files/2020-12/The%20History%20of%20CatsHERO.jpg', NULL, 'Vail', ST_SetSRID(ST_MakePoint(-108.009040, 39.467504),4326)::GEOGRAPHY, 909, 'female', 'any', 28, 41),
(67, 'Sandra Riley', 'Know make eye different entire anyone discover. Prepare yard per agent gas. Activity new address even.', '1988-04-30', 'https://icatcare.org/img/asset/aW1hZ2VzL2N1dG91dHMvYWRvYmVzdG9ja18zMTYzODM5NjkucG5n/adobestock_316383969.png?p=default&s=86bb641e805a56548c51f3385510026b', NULL, 'Colorado Springs', ST_SetSRID(ST_MakePoint(-104.587595, 37.130982),4326)::GEOGRAPHY, 778, 'female', 'male', 18, 42),
(68, 'Tina Jones', 'Key in thing budget. Sea dark door traditional. Keep long own high job.', '1991-07-06', 'https://hips.hearstapps.com/hmg-prod/images/most-expensive-cat-breeds-british-shorthair-671026dc7cc33.jpg?crop=1xw:0.84375xh;center,top&resize=1200:*', NULL, 'Boulder', ST_SetSRID(ST_MakePoint(-102.419814, 40.332448),4326)::GEOGRAPHY, 653, 'male', 'any', 24, 76),
(69, 'David Morales', 'Few necessary everything current think knowledge. Plan marriage against later service whether.', '1987-05-03', 'https://www.communitycatspodcast.com/wp-content/uploads/2023/03/Cat6-800x800.jpg', NULL, 'Aurora', ST_SetSRID(ST_MakePoint(-109.008475, 37.550122),4326)::GEOGRAPHY, 919, 'male', 'male', 28, 73),
(70, 'Matthew Figueroa', 'Foreign body gas drive. Like game often those.
Raise miss notice baby. Shoulder race help trip hand talk.', '1984-12-22', 'https://cdn.britannica.com/39/226539-050-D21D7721/Portrait-of-a-cat-with-whiskers-visible.jpg', NULL, 'Aspen', ST_SetSRID(ST_MakePoint(-107.580778, 39.119427),4326)::GEOGRAPHY, 456, 'male', 'female', 21, 37),
(71, 'Pamela Russell', 'Lay within thought radio respond same.
Issue animal myself specific where data. Trouble apply read win seven state.', '1996-04-24', 'https://cdn.britannica.com/34/235834-050-C5843610/two-different-breeds-of-cats-side-by-side-outdoors-in-the-garden.jpg', NULL, 'Boulder', ST_SetSRID(ST_MakePoint(-106.985861, 39.942890),4326)::GEOGRAPHY, 154, 'male', 'male', 28, 66),
(72, 'James Norman', 'Operation choose foreign box. Into box sister according.
Into east board tax. Catch though fast wide federal year.', '1989-06-27', 'https://cdn.royalcanin-weshare-online.io/XGkUPmYBG95Xk-RBXt1l/v1/ec5h-should-you-choose-a-kitten-or-adult-cat-hero-cat', NULL, 'Pueblo', ST_SetSRID(ST_MakePoint(-108.725833, 38.607260),4326)::GEOGRAPHY, 278, 'female', 'any', 30, 90),
(73, 'Kathleen Mccarthy', 'Day control similar prepare dream. List nor employee soon memory. Scientist as only else friend.
Decide safe lot investment.', '1999-12-04', 'https://media.npr.org/assets/img/2023/12/12/gettyimages-1054147940-627235e01fb63b4644bec84204c259f0a343e35b.jpg', NULL, 'Aspen', ST_SetSRID(ST_MakePoint(-106.524385, 40.231299),4326)::GEOGRAPHY, 65, 'female', 'female', 21, 82),
(74, 'William Lopez', 'Chance have ok. Light ability camera people out collection. Ago through themselves brother glass.', '1999-05-01', 'https://cms.bps.org.uk/sites/default/files/styles/responsive/public/765/534/0/2022-09/Grumpy%20cat%202.jpeg', NULL, 'Durango', ST_SetSRID(ST_MakePoint(-105.136138, 40.517321),4326)::GEOGRAPHY, 745, 'male', 'male', 26, 29),
(75, 'James Rich', 'Speak year join partner seem after among. Just least finish tax record effect true.', '1997-08-12', 'https://www.calgaryzoo.com/wp-content/uploads/2024/09/DSC01798-1.jpg', NULL, 'Durango', ST_SetSRID(ST_MakePoint(-105.030581, 40.359628),4326)::GEOGRAPHY, 323, 'female', 'male', 25, 50),
(76, 'Derrick Cline', 'Forward hard care exist begin generation.
Usually explain idea type.', '1995-10-17', 'https://www.bluecross.org.uk/sites/default/files/d8/styles/theme_feature_extra_large/public/2024-05/BX170007_Daisy-2024-04-23-0911_lpr.jpg.webp?itok=1VaZGoSw', NULL, 'Loveland', ST_SetSRID(ST_MakePoint(-105.848927, 38.018943),4326)::GEOGRAPHY, 280, 'female', 'female', 20, 34),
(77, 'Michael Larson', 'Less base account us. Policy you country threat get rather.
Pretty these decision seek. Player now through provide.', '1983-12-23', 'https://static01.nyt.com/images/2025/03/05/science/oakImage-1741195558812/oakImage-1741195558812-videoSixteenByNineJumbo1600-v2.jpg', NULL, 'Aurora', ST_SetSRID(ST_MakePoint(-102.406724, 37.090340),4326)::GEOGRAPHY, 796, 'female', 'male', 22, 80),
(78, 'Jessica Kelley', 'Daughter consider send opportunity. Change expert beyond new entire. Since will personal finish team.', '2005-01-03', 'https://www.cats.org.uk/media/p1epv4xx/190110case060-2.jpg', NULL, 'Aurora', ST_SetSRID(ST_MakePoint(-106.184096, 38.473991),4326)::GEOGRAPHY, 458, 'male', 'male', 19, 94),
(79, 'Lisa Kline', 'Mean student program. Ability sort example job change. Establish citizen here rather market item base.', '2006-03-20', 'https://www.ddfl.org/wp-content/uploads/2023/09/resources-cat-banner.jpg', NULL, 'Colorado Springs', ST_SetSRID(ST_MakePoint(-105.026013, 40.654806),4326)::GEOGRAPHY, 51, 'male', 'nonbinary', 25, 50),
(80, 'Peter Brown', 'Company interview Democrat water. School experience all particular teach school whatever run. Generation fall them mention.', '1992-11-13', 'https://cms.bps.org.uk/sites/default/files/styles/responsive/public/765/534/0/2022-09/Grumpy%20cat%202.jpeg', NULL, 'Boulder', ST_SetSRID(ST_MakePoint(-103.795031, 37.797007),4326)::GEOGRAPHY, 576, 'female', 'male', 29, 70),
(81, 'Brett Collins', 'International top particular style. Evening base here training ten.', '1981-01-07', 'https://lacvets.com/wp-content/uploads/2023/01/what-is-a-cats-lifespan-lakeland-fl-scaled.jpg', NULL, 'Aurora', ST_SetSRID(ST_MakePoint(-103.890064, 39.842169),4326)::GEOGRAPHY, 998, 'female', 'any', 21, 81),
(82, 'Stephen Young', 'Development away story amount police expert. Drive identify stand source else less peace. Model answer another city.', '2007-03-27', 'https://www.purina.in/sites/default/files/2020-12/The%20History%20of%20CatsHERO.jpg', NULL, 'Grand Junction', ST_SetSRID(ST_MakePoint(-107.131948, 38.245290),4326)::GEOGRAPHY, 432, 'female', 'male', 30, 36),
(83, 'Kristen Sawyer PhD', 'Available account option teacher. Walk majority wait one. Trouble effect return safe as respond right about.', '1995-01-08', 'https://www.vets4pets.com/contentassets/eb5e17755de843c99b88a684482b92fe/your-cats-first-season.jpg', NULL, 'Aurora', ST_SetSRID(ST_MakePoint(-102.380692, 37.249757),4326)::GEOGRAPHY, 883, 'male', 'nonbinary', 28, 70),
(84, 'Jasmine Paul', 'Environmental evening quite case home PM. Since establish notice store. Pressure public school early. About go better anyone rate pattern.', '1993-01-04', 'https://www.petsandparasites.org/images/uploads/images/Person_Holding_Little_Cats_in_Arms.jpg', NULL, 'Grand Junction', ST_SetSRID(ST_MakePoint(-107.030155, 40.245803),4326)::GEOGRAPHY, 755, 'female', 'any', 26, 79),
(85, 'Amy Wood', 'Pattern tough young fine. Value when office approach that.', '2004-11-26', 'https://d2zp5xs5cp8zlg.cloudfront.net/image-79322-800.jpg', NULL, 'Aurora', ST_SetSRID(ST_MakePoint(-108.581033, 37.638468),4326)::GEOGRAPHY, 158, 'male', 'male', 23, 69),
(86, 'Savannah Clark', 'Through condition authority trial nation. Approach give score skin.', '2000-04-17', 'https://www.whiskas.co.uk/cdn-cgi/image/format=auto,q=90/sites/g/files/fnmzdf5651/files/2025-02/why-do-cats-purr_.jpg', NULL, 'Denver', ST_SetSRID(ST_MakePoint(-102.314715, 39.670749),4326)::GEOGRAPHY, 32, 'male', 'nonbinary', 22, 35),
(87, 'Edward Martin', 'Hundred identify care series defense.
Suggest play government common accept maintain. Exist big environmental thousand.', '1990-01-26', 'https://www.paws.org/wp-content/uploads/2019/08/20171221-DSC_8211.jpg', NULL, 'Colorado Springs', ST_SetSRID(ST_MakePoint(-105.360363, 40.180941),4326)::GEOGRAPHY, 385, 'male', 'any', 30, 65),
(88, 'Megan Ballard', 'Hour glass unit side. Defense who weight test.', '1982-03-31', 'https://cdn.sanity.io/images/5vm5yn1d/pro/e8901b37029ada974f945ce569a5643b511fb4a9-1499x1000.jpg?fm=webp&q=80', NULL, 'Loveland', ST_SetSRID(ST_MakePoint(-105.984714, 37.592436),4326)::GEOGRAPHY, 418, 'male', 'female', 28, 72),
(89, 'Raven Woods', 'Sister cause decade politics. Forward some toward force rather.', '2003-08-08', 'https://s7d2.scene7.com/is/image/PetSmart/WEB-2426203-Aug24-6TUS1_EGDealsCat_DMA', NULL, 'Greeley', ST_SetSRID(ST_MakePoint(-105.732780, 37.019565),4326)::GEOGRAPHY, 728, 'male', 'male', 23, 26),
(90, 'Vincent Meyer', 'Its side get bank pass.', '2006-01-15', 'https://i.guim.co.uk/img/media/c5e73ed8e8325d7e79babf8f1ebbd9adc0d95409/2_5_1754_1053/master/1754.jpg?width=1200&quality=85&auto=format&fit=max&s=4219f64fafe19d101f92e0eba0181f6a', NULL, 'Vail', ST_SetSRID(ST_MakePoint(-107.039449, 38.879492),4326)::GEOGRAPHY, 988, 'male', 'female', 24, 29),
(91, 'Nathaniel Rhodes', 'Impact have institution set task green treatment. Quickly hair hope far significant. Raise character what option memory success job.', '1980-08-27', 'https://upload.wikimedia.org/wikipedia/commons/thumb/a/af/Domesticated_indoor_cat_WI.jpg/960px-Domesticated_indoor_cat_WI.jpg', NULL, 'Denver', ST_SetSRID(ST_MakePoint(-106.489825, 39.953212),4326)::GEOGRAPHY, 324, 'female', 'male', 26, 45),
(92, 'Mitchell Mcintyre', 'Step whom author however cover. Base able whole key.', '1992-06-03', 'https://cdn.psychologytoday.com/sites/default/files/styles/article-inline-half-caption/public/field_blog_entry_images/2021-12/img_1570.jpg?itok=4nWOikbM', NULL, 'Pueblo', ST_SetSRID(ST_MakePoint(-105.970787, 37.444677),4326)::GEOGRAPHY, 794, 'female', 'any', 24, 36),
(93, 'Kimberly Anderson', 'Term season rock those character rest. Cultural which win performance establish. Change year girl fire cost dream remain.', '1991-02-23', 'https://www.hawkcreek.org/wp-content/uploads/2023/04/Sand-Cat-Ra-2-Tiffany-Cimino-e1680717268279.jpg', NULL, 'Colorado Springs', ST_SetSRID(ST_MakePoint(-105.557772, 40.780128),4326)::GEOGRAPHY, 809, 'female', 'any', 26, 95),
(94, 'Lisa Ray', 'Show toward part world exactly any.
Item school catch area process. Hair sit blue fast behind administration country.', '2003-11-15', 'https://www.purina.com.au/dw/image/v2/BKFD_PRD/on/demandware.static/-/Sites-Purina_AU-Library/default/dwc7782b36/images/Finding-a-pet/Pet-breeds/Cat-breeds/American%20Bobtail%202.png', NULL, 'Durango', ST_SetSRID(ST_MakePoint(-108.529128, 39.085725),4326)::GEOGRAPHY, 261, 'female', 'male', 25, 87),
(95, 'Robert Clark', 'Cut no voice writer need rate form center. Maybe contain policy also which program Congress green.', '1982-12-17', 'https://www.aspca.org/sites/default/files/newsidebar-ads_092024_cat-medical.png', NULL, 'Grand Junction', ST_SetSRID(ST_MakePoint(-103.567998, 40.697828),4326)::GEOGRAPHY, 370, 'male', 'male', 18, 35),
(96, 'Jason Robbins', 'Image visit room us letter daughter community. Everyone hope cause who successful.', '1999-03-27', 'https://cdn.britannica.com/15/193115-050-0D385DDA/Collage-cats-cat-quiz-Mendel.jpg', NULL, 'Pueblo', ST_SetSRID(ST_MakePoint(-108.747066, 37.729102),4326)::GEOGRAPHY, 473, 'male', 'male', 20, 81),
(97, 'Joshua Gilbert', 'Pm world person view member home majority. Someone mouth music final eat practice.', '2005-11-26', 'https://www.whiskas.co.uk/cdn-cgi/image/format=auto,q=90/sites/g/files/fnmzdf5651/files/2025-02/why-do-cats-purr_.jpg', NULL, 'Fort Collins', ST_SetSRID(ST_MakePoint(-102.770828, 39.463955),4326)::GEOGRAPHY, 451, 'female', 'any', 22, 41),
(98, 'Ronald Howard', 'Ready ask tough. Individual report break mention. At cover focus.
Western body ask father. Draw general picture vote rather record protect.', '1989-05-03', 'https://upload.wikimedia.org/wikipedia/commons/4/4d/Cat_November_2010-1a.jpg', NULL, 'Loveland', ST_SetSRID(ST_MakePoint(-104.739854, 37.397983),4326)::GEOGRAPHY, 895, 'male', 'female', 19, 35),
(99, 'Antonio Camacho', 'Perhaps American feeling organization middle end. Cause executive direction total out skill form. Certainly item them.', '1984-03-05', 'https://www.aspca.org/sites/default/files/cat-care_general-cat-care_body1-left.jpg', NULL, 'Aurora', ST_SetSRID(ST_MakePoint(-103.623754, 40.750162),4326)::GEOGRAPHY, 573, 'male', 'male', 23, 93),
(100, 'Jill Austin', 'Really responsibility matter into accept wonder new person. Recent sign indeed life ever stuff.', '1999-08-20', 'https://snworksceo.imgix.net/ufa/01813891-c850-4172-bcce-2a701f59e063.sized-1000x1000.jpg?w=800&dpr=2&ar=16%3A9&fit=crop&crop=faces', NULL, 'Boulder', ST_SetSRID(ST_MakePoint(-105.784994, 38.476646),4326)::GEOGRAPHY, 947, 'female', 'female', 28, 42);

-- === USER_INTERESTS ===
INSERT INTO user_interests (user_id, interest_id) VALUES
(1, 31),
(1, 53),
(1, 52),
(1, 43),
(1, 50),
(1, 30),
(1, 10),
(1, 7),
(2, 52),
(2, 10),
(2, 45),
(2, 11),
(2, 15),
(2, 50),
(2, 47),
(2, 16),
(3, 49),
(3, 43),
(3, 51),
(3, 10),
(3, 23),
(3, 34),
(3, 19),
(3, 53),
(4, 20),
(4, 14),
(4, 48),
(4, 37),
(4, 28),
(4, 23),
(4, 2),
(4, 4),
(5, 16),
(5, 31),
(5, 29),
(5, 3),
(5, 28),
(5, 44),
(5, 9),
(5, 19),
(6, 6),
(6, 12),
(6, 3),
(6, 19),
(6, 35),
(6, 13),
(6, 47),
(6, 14),
(7, 27),
(7, 31),
(7, 13),
(7, 26),
(7, 19),
(7, 51),
(7, 2),
(7, 47),
(8, 18),
(8, 11),
(8, 27),
(8, 8),
(8, 34),
(8, 19),
(8, 25),
(8, 42),
(9, 53),
(9, 20),
(9, 35),
(9, 42),
(9, 48),
(9, 26),
(9, 44),
(9, 4),
(10, 18),
(10, 50),
(10, 21),
(10, 43),
(10, 15),
(10, 26),
(10, 1),
(10, 41),
(11, 37),
(11, 29),
(11, 4),
(11, 16),
(11, 53),
(11, 14),
(11, 7),
(11, 35),
(12, 9),
(12, 32),
(12, 49),
(12, 6),
(12, 24),
(12, 19),
(12, 40),
(12, 11),
(13, 25),
(13, 16),
(13, 31),
(13, 53),
(13, 15),
(13, 43),
(13, 6),
(13, 8),
(14, 34),
(14, 31),
(14, 44),
(14, 51),
(14, 19),
(14, 13),
(14, 4),
(14, 52),
(15, 18),
(15, 22),
(15, 12),
(15, 51),
(15, 28),
(15, 17),
(15, 50),
(15, 27),
(16, 29),
(16, 25),
(16, 13),
(16, 37),
(16, 2),
(16, 24),
(16, 40),
(16, 17),
(17, 34),
(17, 33),
(17, 21),
(17, 28),
(17, 30),
(17, 42),
(17, 12),
(17, 53),
(18, 7),
(18, 11),
(18, 44),
(18, 49),
(18, 52),
(18, 26),
(18, 9),
(18, 50),
(19, 47),
(19, 26),
(19, 50),
(19, 12),
(19, 2),
(19, 46),
(19, 15),
(19, 23),
(20, 49),
(20, 46),
(20, 2),
(20, 11),
(20, 43),
(20, 52),
(20, 47),
(20, 24),
(21, 50),
(21, 31),
(21, 19),
(21, 48),
(21, 52),
(21, 45),
(21, 1),
(21, 41),
(22, 8),
(22, 23),
(22, 47),
(22, 28),
(22, 48),
(22, 1),
(22, 15),
(22, 32),
(23, 23),
(23, 18),
(23, 4),
(23, 41),
(23, 16),
(23, 36),
(23, 52),
(23, 20),
(24, 46),
(24, 38),
(24, 21),
(24, 35),
(24, 26),
(24, 25),
(24, 22),
(24, 18),
(25, 9),
(25, 44),
(25, 33),
(25, 2),
(25, 31),
(25, 11),
(25, 24),
(25, 42),
(26, 6),
(26, 12),
(26, 11),
(26, 31),
(26, 25),
(26, 5),
(26, 30),
(26, 16),
(27, 27),
(27, 30),
(27, 41),
(27, 18),
(27, 34),
(27, 33),
(27, 35),
(27, 24),
(28, 12),
(28, 15),
(28, 48),
(28, 43),
(28, 16),
(28, 42),
(28, 41),
(28, 22),
(29, 16),
(29, 10),
(29, 11),
(29, 49),
(29, 46),
(29, 24),
(29, 35),
(29, 25),
(30, 25),
(30, 19),
(30, 30),
(30, 13),
(30, 46),
(30, 3),
(30, 40),
(30, 18),
(31, 48),
(31, 52),
(31, 5),
(31, 30),
(31, 23),
(31, 39),
(31, 22),
(31, 36),
(32, 34),
(32, 1),
(32, 18),
(32, 29),
(32, 13),
(32, 4),
(32, 41),
(32, 16),
(33, 50),
(33, 4),
(33, 33),
(33, 16),
(33, 32),
(33, 21),
(33, 52),
(33, 26),
(34, 31),
(34, 9),
(34, 47),
(34, 21),
(34, 23),
(34, 10),
(34, 44),
(34, 46),
(35, 10),
(35, 7),
(35, 43),
(35, 37),
(35, 31),
(35, 24),
(35, 14),
(35, 48),
(36, 19),
(36, 40),
(36, 2),
(36, 42),
(36, 13),
(36, 39),
(36, 22),
(36, 17),
(37, 18),
(37, 48),
(37, 13),
(37, 10),
(37, 17),
(37, 15),
(37, 49),
(37, 37),
(38, 42),
(38, 23),
(38, 9),
(38, 10),
(38, 38),
(38, 36),
(38, 25),
(38, 8),
(39, 22),
(39, 34),
(39, 4),
(39, 25),
(39, 17),
(39, 48),
(39, 45),
(39, 30),
(40, 46),
(40, 50),
(40, 36),
(40, 47),
(40, 18),
(40, 9),
(40, 30),
(40, 12),
(41, 13),
(41, 53),
(41, 26),
(41, 38),
(41, 5),
(41, 25),
(41, 35),
(41, 16),
(42, 27),
(42, 2),
(42, 5),
(42, 8),
(42, 12),
(42, 20),
(42, 43),
(42, 45),
(43, 22),
(43, 50),
(43, 51),
(43, 5),
(43, 16),
(43, 18),
(43, 39),
(43, 24),
(44, 21),
(44, 30),
(44, 53),
(44, 35),
(44, 26),
(44, 47),
(44, 39),
(44, 32),
(45, 13),
(45, 37),
(45, 41),
(45, 38),
(45, 18),
(45, 4),
(45, 47),
(45, 10),
(46, 30),
(46, 41),
(46, 28),
(46, 9),
(46, 20),
(46, 51),
(46, 45),
(46, 16),
(47, 42),
(47, 12),
(47, 28),
(47, 31),
(47, 34),
(47, 10),
(47, 7),
(47, 3),
(48, 25),
(48, 33),
(48, 39),
(48, 22),
(48, 38),
(48, 42),
(48, 18),
(48, 50),
(49, 51),
(49, 12),
(49, 53),
(49, 31),
(49, 52),
(49, 17),
(49, 37),
(49, 11),
(50, 25),
(50, 34),
(50, 43),
(50, 10),
(50, 2),
(50, 31),
(50, 26),
(50, 15),
(51, 28),
(51, 30),
(51, 41),
(51, 25),
(51, 11),
(51, 33),
(51, 9),
(51, 32),
(52, 10),
(52, 30),
(52, 38),
(52, 20),
(52, 31),
(52, 29),
(52, 39),
(52, 16),
(53, 48),
(53, 17),
(53, 28),
(53, 27),
(53, 12),
(53, 31),
(53, 6),
(53, 9),
(54, 28),
(54, 1),
(54, 11),
(54, 2),
(54, 51),
(54, 53),
(54, 46),
(54, 32),
(55, 21),
(55, 1),
(55, 40),
(55, 2),
(55, 20),
(55, 24),
(55, 41),
(55, 53),
(56, 36),
(56, 35),
(56, 10),
(56, 4),
(56, 3),
(56, 19),
(56, 44),
(56, 15),
(57, 24),
(57, 49),
(57, 31),
(57, 33),
(57, 9),
(57, 32),
(57, 41),
(57, 27),
(58, 7),
(58, 42),
(58, 23),
(58, 4),
(58, 30),
(58, 46),
(58, 29),
(58, 9),
(59, 39),
(59, 9),
(59, 11),
(59, 51),
(59, 20),
(59, 34),
(59, 49),
(59, 47),
(60, 5),
(60, 16),
(60, 49),
(60, 31),
(60, 8),
(60, 7),
(60, 48),
(60, 34),
(61, 29),
(61, 52),
(61, 30),
(61, 9),
(61, 3),
(61, 25),
(61, 44),
(61, 39),
(62, 42),
(62, 15),
(62, 52),
(62, 37),
(62, 49),
(62, 12),
(62, 46),
(62, 28),
(63, 29),
(63, 20),
(63, 30),
(63, 50),
(63, 15),
(63, 10),
(63, 3),
(63, 1),
(64, 14),
(64, 25),
(64, 40),
(64, 48),
(64, 11),
(64, 1),
(64, 13),
(64, 49),
(65, 30),
(65, 37),
(65, 2),
(65, 10),
(65, 48),
(65, 32),
(65, 12),
(65, 25),
(66, 25),
(66, 5),
(66, 39),
(66, 33),
(66, 2),
(66, 29),
(66, 53),
(66, 22),
(67, 39),
(67, 40),
(67, 42),
(67, 13),
(67, 5),
(67, 47),
(67, 23),
(67, 32),
(68, 8),
(68, 31),
(68, 12),
(68, 40),
(68, 52),
(68, 51),
(68, 47),
(68, 16),
(69, 14),
(69, 46),
(69, 6),
(69, 29),
(69, 27),
(69, 33),
(69, 8),
(69, 37),
(70, 4),
(70, 30),
(70, 31),
(70, 48),
(70, 1),
(70, 44),
(70, 32),
(70, 12),
(71, 35),
(71, 11),
(71, 24),
(71, 15),
(71, 19),
(71, 3),
(71, 28),
(71, 8),
(72, 26),
(72, 30),
(72, 10),
(72, 41),
(72, 47),
(72, 23),
(72, 48),
(72, 17),
(73, 30),
(73, 17),
(73, 11),
(73, 53),
(73, 43),
(73, 13),
(73, 8),
(73, 28),
(74, 25),
(74, 18),
(74, 51),
(74, 41),
(74, 9),
(74, 46),
(74, 4),
(74, 43),
(75, 24),
(75, 31),
(75, 38),
(75, 9),
(75, 29),
(75, 44),
(75, 20),
(75, 34),
(76, 12),
(76, 28),
(76, 47),
(76, 7),
(76, 9),
(76, 51),
(76, 32),
(76, 40),
(77, 45),
(77, 14),
(77, 50),
(77, 21),
(77, 46),
(77, 19),
(77, 38),
(77, 6),
(78, 16),
(78, 13),
(78, 30),
(78, 46),
(78, 1),
(78, 39),
(78, 8),
(78, 3),
(79, 3),
(79, 43),
(79, 42),
(79, 5),
(79, 52),
(79, 38),
(79, 6),
(79, 45),
(80, 37),
(80, 39),
(80, 3),
(80, 27),
(80, 28),
(80, 6),
(80, 13),
(80, 29),
(81, 53),
(81, 17),
(81, 6),
(81, 52),
(81, 11),
(81, 39),
(81, 51),
(81, 46),
(82, 32),
(82, 5),
(82, 42),
(82, 4),
(82, 36),
(82, 50),
(82, 14),
(82, 41),
(83, 21),
(83, 52),
(83, 26),
(83, 20),
(83, 7),
(83, 24),
(83, 29),
(83, 15),
(84, 39),
(84, 38),
(84, 44),
(84, 49),
(84, 37),
(84, 31),
(84, 33),
(84, 20),
(85, 48),
(85, 16),
(85, 35),
(85, 39),
(85, 2),
(85, 32),
(85, 26),
(85, 36),
(86, 18),
(86, 35),
(86, 33),
(86, 45),
(86, 30),
(86, 49),
(86, 11),
(86, 6),
(87, 16),
(87, 26),
(87, 52),
(87, 39),
(87, 49),
(87, 8),
(87, 15),
(87, 43),
(88, 21),
(88, 39),
(88, 24),
(88, 18),
(88, 43),
(88, 19),
(88, 37),
(88, 26),
(89, 2),
(89, 22),
(89, 8),
(89, 44),
(89, 30),
(89, 3),
(89, 12),
(89, 52),
(90, 10),
(90, 45),
(90, 9),
(90, 15),
(90, 19),
(90, 42),
(90, 52),
(90, 21),
(91, 3),
(91, 34),
(91, 7),
(91, 10),
(91, 13),
(91, 51),
(91, 24),
(91, 11),
(92, 10),
(92, 45),
(92, 33),
(92, 8),
(92, 49),
(92, 32),
(92, 51),
(92, 17),
(93, 24),
(93, 21),
(93, 45),
(93, 40),
(93, 6),
(93, 39),
(93, 15),
(93, 10),
(94, 31),
(94, 20),
(94, 22),
(94, 12),
(94, 43),
(94, 2),
(94, 32),
(94, 40),
(95, 53),
(95, 19),
(95, 52),
(95, 34),
(95, 14),
(95, 4),
(95, 12),
(95, 41),
(96, 12),
(96, 24),
(96, 16),
(96, 21),
(96, 41),
(96, 13),
(96, 4),
(96, 36),
(97, 31),
(97, 15),
(97, 8),
(97, 25),
(97, 3),
(97, 12),
(97, 5),
(97, 49),
(98, 11),
(98, 35),
(98, 14),
(98, 33),
(98, 20),
(98, 31),
(98, 10),
(98, 23),
(99, 2),
(99, 52),
(99, 12),
(99, 15),
(99, 36),
(99, 51),
(99, 6),
(99, 3),
(100, 5),
(100, 34),
(100, 7),
(100, 31),
(100, 36),
(100, 37),
(100, 13),
(100, 43);

-- === PHOTOS ===
INSERT INTO photos (id, url, description, uploaded_at) VALUES
(1, 'https://thumbs.dreamstime.com/b/year-old-boy-studying-pottery-clay-modeling-master-class-carpathians-ukraine-year-old-boy-studying-pottery-clay-modeling-216737745.jpg', 'Bowls, mugs, and a few laughs.', NOW()),
(2, 'https://cdn.pixabay.com/photo/2018/02/04/09/09/brushes-3129361_640.jpg', 'Every brushstroke tells a story.', NOW() - INTERVAL '1 days'),
(3, 'https://cms-artifacts.artlist.io/content/motion-array/405070/Little_Girl_In_A_Swimming_Pool_high_resolution_preview_405070.jpg?Expires=2036676907713&Key-Pair-Id=K2ZDLYDZI2R1DF&Signature=ovv0FCMBymNVEjFAFZMoLGC1skoO2OcY5eAZfdBEtlHQOm~J8KpdZG3BK2GzFTWNmhAIAsaHlrKrG7YSke2~UrRafuVCahUvF~iFaF~ILH2-6wo~UGbZx0S1pRgW1sorOjUNeAcfe9P45yJIe0RkNTfP9lNMKUDrjmLEH7nEh2Hbh9XeqySaWENlWAbh6e4UOOp7Pau0jORuOTDkpamSvkcvM6wvbMsiPzthGIA~qjJ1mPU~b09mj4mMZ4PPVoc97QsFNXPg2xy0kDSg1JflS0kINY9CypLVQ3SamiGBoIk~Dy8~QuqecjCk8VQfDN8n8Rtcw-tsoJb-WmnbiAjvsg__', 'Just keep swimming ', NOW() - INTERVAL '2 days'),
(4, 'https://images.pexels.com/photos/868097/pexels-photo-868097.jpeg?cs=srgb&dl=pexels-ozgomz-868097.jpg&fm=jpg', 'Hike more, worry less.', NOW() - INTERVAL '3 days'),
(5, 'https://burst.shopifycdn.com/photos/hiker-climbing-mountains.jpg?width=1000&format=pjpg&exif=0&iptc=0', 'Found peace at the summit.', NOW()),
(6, 'https://c8.alamy.com/comp/2E143HP/sporty-female-swimmer-in-pool-2E143HP.jpg', 'Cool water, warm hearts.', NOW() - INTERVAL '1 days'),
(7, 'https://c8.alamy.com/comp/HNMGTD/group-of-hikers-walking-in-the-nature-at-sunset-friends-on-mountain-HNMGTD.jpg', 'Hike more, worry less.', NOW() - INTERVAL '2 days'),
(8, 'https://c8.alamy.com/comp/2DC5H60/woman-dancing-actively-during-the-dance-class-2DC5H60.jpg', 'Twist, turn, and groove.', NOW()),
(9, 'https://c8.alamy.com/comp/G0CT87/ballerina-with-smile-sitting-on-the-floor-in-a-dance-class-G0CT87.jpg', 'Feeling the beat from head to toe.', NOW() - INTERVAL '1 days'),
(10, 'https://images.pexels.com/photos/7031624/pexels-photo-7031624.jpeg?auto=compress&cs=tinysrgb&dpr=1&w=341.25&fit=crop&h=552.5', 'Brushing up on my art skills ', NOW() - INTERVAL '2 days'),
(11, 'https://images.pexels.com/photos/3965526/pexels-photo-3965526.jpeg?auto=compress&cs=tinysrgb&w=1260&h=750&dpr=1', 'From lump to lovely.', NOW() - INTERVAL '3 days'),
(12, 'https://www.shutterstock.com/shutterstock/photos/2253572431/display_1500/stock-photo-african-american-woman-artist-smiling-confident-drawing-at-art-studio-2253572431.jpg', 'Abstract expressions all day.', NOW()),
(13, 'https://st5.depositphotos.com/1003713/66422/i/1600/depositphotos_664226422-stock-photo-pottering-son-confident-young-man.jpg', 'From lump to lovely.', NOW() - INTERVAL '1 days'),
(14, 'https://st3.depositphotos.com/1177973/15217/i/450/depositphotos_152174712-stock-photo-group-young-hip-hop-dancers.jpg', 'Every move is a mood.', NOW() - INTERVAL '2 days'),
(15, 'https://c8.alamy.com/comp/HNWFRN/mature-couple-with-teacher-in-pottery-class-HNWFRN.jpg', 'Just me and my wheel.', NOW() - INTERVAL '3 days'),
(16, 'https://media.istockphoto.com/id/1190200652/photo/the-painter-hands.jpg?s=612x612&w=0&k=20&c=ejXBjL330H0_i7O90UaRnMqP2G-ZQLgI4XBeXxweWss=', 'Caught in the moment of creativity.', NOW()),
(17, 'https://previews.123rf.com/images/nd3000/nd30001904/nd3000190401467/121379910-group-of-happy-young-people-friends-hiking-together-outdoor.jpg', 'Every step is an adventure.', NOW() - INTERVAL '1 days'),
(18, 'https://thumbs.dreamstime.com/b/kids-dancing-class-traninng-scarfs-children-modern-group-choreography-45177643.jpg', 'Feeling the beat from head to toe.', NOW()),
(19, 'https://static9.depositphotos.com/1594308/1163/i/450/depositphotos_11635045-stock-photo-family-on-matress.jpg', 'Floating my worries away.', NOW() - INTERVAL '1 days'),
(20, 'https://media.gettyimages.com/id/1293895976/photo/attention-to-detail-makes-all-the-difference.jpg?s=612x612&w=gi&k=20&c=jsuN_alLPRW85rr3Ce1tOD8EOLhEK35TY2_DBwLhaKM=', 'Pottery: where patience meets creativity.', NOW() - INTERVAL '2 days'),
(21, 'https://media.gettyimages.com/id/1412636572/photo/two-young-women-friends-enjoying-hand-clay-molding-on-pottery-wheel-workshop.jpg?s=612x612&w=gi&k=20&c=J8s1Gb8HpxdvY1pJMZ-zukmre9frsyQljEkdNwBB-QM=', 'Centering more than just clay today.', NOW() - INTERVAL '3 days'),
(22, 'https://media.istockphoto.com/id/1402900288/photo/retired-pensioner-painting-for-therapy.jpg?s=612x612&w=0&k=20&c=6LKaKHOOkvBqVqpnB7S21KDhnL02btl2REIXqyF4ruI=', 'Every brushstroke tells a story.', NOW()),
(23, 'https://media.gettyimages.com/id/103056384/photo/student-working-with-clay-in-classroom.jpg?s=612x612&w=gi&k=20&c=_UrNAWg3PhGWioU_JhSNjjU10ijZWPiKaty5GujdCYg=', 'Just me and my wheel.', NOW() - INTERVAL '1 days'),
(24, 'https://static2.bigstockphoto.com/3/3/1/large1500/1337877.jpg', 'Every brushstroke tells a story.', NOW() - INTERVAL '2 days'),
(25, 'https://t4.ftcdn.net/jpg/01/65/71/65/360_F_165716531_TDD2WZEsWxRBtReWsJdYaJ99dHkHobJ8.jpg', 'Dancing through life one class at a time.', NOW() - INTERVAL '3 days'),
(26, 'https://t4.ftcdn.net/jpg/01/65/71/65/360_F_165716531_TDD2WZEsWxRBtReWsJdYaJ99dHkHobJ8.jpg', 'Studio vibes and good energy.', NOW()),
(27, 'https://media.gettyimages.com/id/1412636572/photo/two-young-women-friends-enjoying-hand-clay-molding-on-pottery-wheel-workshop.jpg?s=612x612&w=gi&k=20&c=J8s1Gb8HpxdvY1pJMZ-zukmre9frsyQljEkdNwBB-QM=', 'Pottery night success!', NOW() - INTERVAL '1 days'),
(28, 'https://st2.depositphotos.com/2069237/5288/i/950/depositphotos_52887017-stock-photo-celebrating-hiking-people-at-top.jpg', 'Rocky paths and rewarding views.', NOW() - INTERVAL '2 days'),
(29, 'https://media.istockphoto.com/id/1884847089/photo/senior-woman-on-pottery-class-at-a-ceramics-workshop.jpg?s=612x612&w=0&k=20&c=sISlRYqH0ViuzLNW-7jv4leJDDANE8QLovyeh5AjpqM=', 'Hands dirty, heart happy.', NOW() - INTERVAL '3 days'),
(30, 'https://c8.alamy.com/comp/M98819/austria-tyrol-young-man-hiking-in-the-mountains-M98819.jpg', 'Nature never goes out of style.', NOW() - INTERVAL '4 days'),
(31, 'https://media.gettyimages.com/id/1689168106/photo/rear-view-of-a-woman-dancing-at-dance-studio.jpg?s=612x612&w=gi&k=20&c=oAiAk9izIQkSfEy4D1kGuy-O1jtH87oIn684918ZAVc=', 'Finding rhythm in every step.', NOW()),
(32, 'https://media.gettyimages.com/id/956152482/photo/hip-hop-dance-group-of-young-diverse-girls.jpg?s=612x612&w=gi&k=20&c=I71LcNh6AxyZiPPnVv2BEQ6jBe9USdsFBkonzamAdvA=', 'Twist, turn, and groove.', NOW() - INTERVAL '1 days'),
(33, 'https://media.istockphoto.com/id/1884825617/photo/pottery-teacher-teaching-student-at-a-ceramics-workshop.jpg?s=612x612&w=0&k=20&c=_JjZpDBW60UMDTGQ31BapektHeBEaR6qpsd8LnXsnhE=', 'Centering more than just clay today.', NOW() - INTERVAL '2 days'),
(34, 'https://thumbs.dreamstime.com/b/senior-man-swimming-blue-ocean-health-activity-concept-senior-man-swimming-blue-ocean-health-activity-126005005.jpg', 'Making waves and memories.', NOW()),
(35, 'https://previews.123rf.com/images/jackf/jackf2303/jackf230300668/199621267-joyous-boy-and-girls-dancing-hip-hop-at-lesson-in-class.jpg', 'Dancing through life one class at a time.', NOW() - INTERVAL '1 days'),
(36, 'https://previews.123rf.com/images/ljupco/ljupco1810/ljupco181000279/110998582-happy-man-painting-on-a-canvas.jpg', 'Masterpieces in progress.', NOW() - INTERVAL '2 days'),
(37, 'https://t3.ftcdn.net/jpg/01/09/20/40/360_F_109204081_CvSWBmG5pRGDwIERPX0Uv97YSn7dTdoV.jpg', 'Nature never goes out of style.', NOW()),
(38, 'https://static2.bigstockphoto.com/3/3/1/large1500/1337877.jpg', 'Caught in the moment of creativity.', NOW() - INTERVAL '1 days'),
(39, 'https://previews.123rf.com/images/boggy22/boggy221801/boggy22180101112/94715290-young-man-making-and-decorating-pottery-in-workshop.jpg', 'Centering more than just clay today.', NOW() - INTERVAL '2 days'),
(40, 'https://cdn.pixabay.com/photo/2015/08/28/11/37/painting-911804_1280.jpg', 'Caught in the moment of creativity.', NOW() - INTERVAL '3 days'),
(41, 'https://previews.123rf.com/images/serezniy/serezniy1809/serezniy180903599/109039515-little-girl-in-swimming-pool-on-sunny-day.jpg', 'Underwater thoughts.', NOW() - INTERVAL '4 days'),
(42, 'https://www.shutterstock.com/image-photo/portrait-multicultural-pottery-course-attendees-600nw-2480656295.jpg', 'Centering more than just clay today.', NOW()),
(43, 'https://cdn.pixabay.com/photo/2018/02/04/09/09/brushes-3129361_640.jpg', 'Abstract expressions all day.', NOW() - INTERVAL '1 days'),
(44, 'https://images.pexels.com/photos/1415810/pexels-photo-1415810.jpeg?auto=compress&cs=tinysrgb&dpr=1&w=500', 'Swim, splash, smile.', NOW() - INTERVAL '2 days'),
(45, 'https://www.shutterstock.com/image-photo/portrait-multicultural-pottery-course-attendees-600nw-2480656295.jpg', 'Centering more than just clay today.', NOW() - INTERVAL '3 days'),
(46, 'https://images.unsplash.com/photo-1470376619031-a6791e534bf0?fm=jpg&q=60&w=3000&ixlib=rb-4.0.3&ixid=M3wxMjA3fDB8MHxzZWFyY2h8N3x8c3dpbW1pbmd8ZW58MHx8MHx8fDA%3D', 'Swim, splash, smile.', NOW() - INTERVAL '4 days'),
(47, 'https://cdn6.dissolve.com/p/D985_64_530/D985_64_530_1200.jpg', 'Dance like nobody''s watching.', NOW()),
(48, 'https://media.gettyimages.com/id/1412636572/photo/two-young-women-friends-enjoying-hand-clay-molding-on-pottery-wheel-workshop.jpg?s=612x612&w=gi&k=20&c=J8s1Gb8HpxdvY1pJMZ-zukmre9frsyQljEkdNwBB-QM=', 'Pottery: where patience meets creativity.', NOW() - INTERVAL '1 days'),
(49, 'https://t4.ftcdn.net/jpg/01/63/13/81/360_F_163138124_9lCV7ep4dYJlLApk7nq050lSnGwgAHVA.jpg', 'Swim, splash, smile.', NOW() - INTERVAL '2 days'),
(50, 'https://media.gettyimages.com/id/1293895976/photo/attention-to-detail-makes-all-the-difference.jpg?s=612x612&w=gi&k=20&c=jsuN_alLPRW85rr3Ce1tOD8EOLhEK35TY2_DBwLhaKM=', 'Shaping memories from clay.', NOW() - INTERVAL '3 days'),
(51, 'https://images.stockcake.com/public/e/2/d/e2d4e1aa-d776-4dc7-9629-39344cfa52cd_large/joyful-hiking-friends-stockcake.jpg', 'Nature never goes out of style.', NOW()),
(52, 'https://static8.depositphotos.com/1437210/901/i/450/depositphotos_9015455-stock-photo-diving.jpg', 'Freestyle kind of day.', NOW() - INTERVAL '1 days'),
(53, 'https://previews.123rf.com/images/serezniy/serezniy1809/serezniy180903599/109039515-little-girl-in-swimming-pool-on-sunny-day.jpg', 'Swim, splash, smile.', NOW() - INTERVAL '2 days'),
(54, 'https://media.gettyimages.com/id/1150320422/photo/couple-hiking-on-mountain-ridge-at-sunrise-smiling.jpg?s=612x612&w=gi&k=20&c=b7qXkdzv_4g1EzwFGrHzKmzZpLzD2yTwee-jbpbJBXA=', 'One trail at a time.', NOW() - INTERVAL '3 days'),
(55, 'https://thumbs.dreamstime.com/b/team-professional-painters-uniform-painting-white-wall-empty-room-paint-roller-building-contractors-doing-repair-345139541.jpg', 'Coloring outside the lines, literally.', NOW() - INTERVAL '4 days'),
(56, 'https://media.istockphoto.com/id/465383082/photo/female-swimmer-at-the-swimming-pool.jpg?s=612x612&w=0&k=20&c=tcTwN2rTvUBK4wddan_GUCxrXX6bBoU-hyrVMvmT0BM=', 'Cool water, warm hearts.', NOW()),
(57, 'https://www.shutterstock.com/image-photo/man-hiking-sunset-mountains-heavy-260nw-723981925.jpg', 'Hike more, worry less.', NOW() - INTERVAL '1 days'),
(58, 'https://previews.123rf.com/images/seventyfour74/seventyfour741903/seventyfour74190300485/118890802-pottery-class-for-kids.jpg', 'Pottery night success!', NOW()),
(59, 'https://st3.depositphotos.com/1007011/14427/i/450/depositphotos_144276885-stock-photo-real-female-painting-wall.jpg', 'Caught in the moment of creativity.', NOW() - INTERVAL '1 days'),
(60, 'https://previews.123rf.com/images/gstockstudio/gstockstudio1610/gstockstudio161000494/65334862-passing-on-pottery-skills-cheerful-young-man-and-little-boy-making-ceramic-pot-on-the-pottery-class.jpg', 'Forming art one spin at a time.', NOW() - INTERVAL '2 days'),
(61, 'https://static6.depositphotos.com/1018414/558/i/450/depositphotos_5588990-stock-photo-little-girl-swimming-in-water.jpg', 'Freestyle kind of day.', NOW() - INTERVAL '3 days'),
(62, 'https://media.istockphoto.com/id/636761588/photo/used-brushes-on-an-artists-palette-of-colorful-oil-paint.jpg?s=612x612&w=0&k=20&c=38YQxVJVWnNfvGtlb7AXMx_ItyHZMEdmWenNkWNQ91g=', 'Every brushstroke tells a story.', NOW() - INTERVAL '4 days'),
(63, 'https://cdn6.dissolve.com/p/D985_58_194/D985_58_194_1200.jpg', 'Caught in the moment of creativity.', NOW()),
(64, 'https://www.shutterstock.com/image-photo/two-tourists-walks-small-backpacks-600nw-2482553147.jpg', 'Rocky paths and rewarding views.', NOW() - INTERVAL '1 days'),
(65, 'https://cms-artifacts.artlist.io/content/motion-array/520373/Pretty_Women_Enjoying_Dance_Class_high_resolution_preview_520373.jpg?Expires=2036490592429&Key-Pair-Id=K2ZDLYDZI2R1DF&Signature=Obrjyd8zBNkTQtdtK92gPbxv53LRCQI3dZJ6by024MY4A1kzFfIr7uKDzw-tpf92dYmNfRrF13-RTie3hlnv0Vgb5JlsN6J0MwSqjMDNMB-3lXupVyuOBS5ZNTvg2mgVSISKWA7eSjJuq7CRQh0-Vff1iXF2qjxnYf69ECPTF6bVYtWUa0mIQjRWQ5ya6xL6vaUnFyzrM9NS1wZxH-z3SQAUtwsGIUqhTcCvXIjrY3QpgjCh5X91eUa9xawC3wFdrRvFrXmAQB6g9kw1BoXQPzFdRhj95qECU3NUGNadL-DcBOX~cj2lOsnhjp~cCltQxy7Xl7JPUQhr0t-yc2T7AA__', 'Studio vibes and good energy.', NOW() - INTERVAL '2 days'),
(66, 'https://media.gettyimages.com/id/185002384/photo/house-painter-standing-on-ladder-painting-a-large-wall.jpg?s=612x612&w=gi&k=20&c=FRRQmOe-P6XV_2S05H_pKHRizpq52IsunrxtZzJ1CYw=', 'Caught in the moment of creativity.', NOW() - INTERVAL '3 days'),
(67, 'https://media.gettyimages.com/id/1412636572/photo/two-young-women-friends-enjoying-hand-clay-molding-on-pottery-wheel-workshop.jpg?s=612x612&w=gi&k=20&c=J8s1Gb8HpxdvY1pJMZ-zukmre9frsyQljEkdNwBB-QM=', 'Pottery: where patience meets creativity.', NOW() - INTERVAL '4 days'),
(68, 'https://images.stockcake.com/public/b/b/4/bb4f4881-8e82-4a0b-815c-ee9ec1f1f424_large/kids-creating-pottery-stockcake.jpg', 'Hands dirty, heart happy.', NOW()),
(69, 'https://media.gettyimages.com/id/947537080/photo/children-practicing-musical-theater-in-studio.jpg?s=612x612&w=gi&k=20&c=Ob2l3N0P1o8bgnYEwbztXr81u_kLu5NNrAOSKR1YOyE=', 'Feeling the beat from head to toe.', NOW() - INTERVAL '1 days'),
(70, 'https://www.shutterstock.com/image-photo/man-girl-standing-next-each-600nw-2452344265.jpg', 'Dance like nobody''s watching.', NOW()),
(71, 'https://st3.depositphotos.com/2931363/12878/i/950/depositphotos_128787910-stock-photo-father-and-son-making-ceramic.jpg', 'Hands dirty, heart happy.', NOW() - INTERVAL '1 days'),
(72, 'https://thumbs.dreamstime.com/b/group-people-urban-dance-class-studio-69807147.jpg', 'Dance like nobody''s watching.', NOW() - INTERVAL '2 days'),
(73, 'https://media.istockphoto.com/id/938119364/photo/woman-painting.jpg?s=612x612&w=0&k=20&c=JKFJGiLlrK9gHKvwxSXRFjYLnvg7ArZBZw8bP8s6RJ8=', 'Abstract expressions all day.', NOW() - INTERVAL '3 days'),
(74, 'https://t4.ftcdn.net/jpg/00/62/65/29/360_F_62652907_dZgAPIdcVKu8DPCeUPvLRCb9JdHrnpVG.jpg', 'Paint, sip, and relax.', NOW() - INTERVAL '4 days'),
(75, 'https://media.gettyimages.com/id/459214425/photo/perfect-butterfly-stroke.jpg?s=612x612&w=gi&k=20&c=qVPwWvTg-Zf1ZuLl9JcGNSI4yldvyYC1_ZC-AlPfRdU=', 'Underwater thoughts.', NOW()),
(76, 'https://www.stockvault.net/data/2016/02/23/184786/preview16.jpg', 'One trail at a time.', NOW() - INTERVAL '1 days'),
(77, 'https://us.123rf.com/450wm/jackf/jackf2503/jackf250306418/243416121-girl-learn-to-dance-hip-hop-dances-doing-movement-with-unrecognizable-teacher.jpg?ver=6', 'Every move is a mood.', NOW() - INTERVAL '2 days'),
(78, 'https://media.istockphoto.com/id/1305177948/photo/family-with-small-children-hiking-outdoors-in-summer-nature-walking-in-high-tatras.jpg?s=612x612&w=0&k=20&c=Q9FvL7lEZGCcWe1PND0G9M57OUyCY332-V8NGliG4_U=', 'Trail time is the best time.', NOW() - INTERVAL '3 days'),
(79, 'https://thumbs.dreamstime.com/b/team-professional-painters-uniform-painting-white-wall-empty-room-paint-roller-building-contractors-doing-repair-345139541.jpg', 'Abstract expressions all day.', NOW() - INTERVAL '4 days'),
(80, 'https://media.istockphoto.com/id/1285296688/photo/success-woman-hiker-hiking-on-sunrise-mountain-peak-young-woman-with-backpack-rise-to-the.jpg?s=612x612&w=0&k=20&c=Ec_7VXWgRCGQZU6BHQAIJNw5VFZjMkqKr1oMIT_bc9I=', 'Trail time is the best time.', NOW()),
(81, 'https://images.pexels.com/photos/7031624/pexels-photo-7031624.jpeg?auto=compress&cs=tinysrgb&dpr=1&w=341.25&fit=crop&h=552.5', 'Brushing up on my art skills ', NOW() - INTERVAL '1 days'),
(82, 'https://images.pexels.com/photos/8957645/pexels-photo-8957645.jpeg?cs=srgb&dl=pexels-kampus-8957645.jpg&fm=jpg', 'Breaking a sweat, catching a beat.', NOW()),
(83, 'https://c8.alamy.com/comp/WBCB3E/professional-african-american-male-potter-painting-ceramic-pot-in-pottery-workshop-WBCB3E.jpg', 'Hands dirty, heart happy.', NOW() - INTERVAL '1 days'),
(84, 'https://www.shutterstock.com/image-photo/creating-ceramic-bowl-by-yourself-260nw-2495863893.jpg', 'Pottery night success!', NOW() - INTERVAL '2 days'),
(85, 'https://images.unsplash.com/photo-1470376619031-a6791e534bf0?fm=jpg&q=60&w=3000&ixlib=rb-4.0.3&ixid=M3wxMjA3fDB8MHxzZWFyY2h8N3x8c3dpbW1pbmd8ZW58MHx8MHx8fDA%3D', 'Cool water, warm hearts.', NOW()),
(86, 'https://img3.stockfresh.com/files/l/len44ik/m/62/4566669_stock-photo-cute-little-girl-in-swimming-pool.jpg', 'Pool days are the best days.', NOW() - INTERVAL '1 days'),
(87, 'https://images.pexels.com/photos/1415810/pexels-photo-1415810.jpeg?auto=compress&cs=tinysrgb&dpr=1&w=500', 'Freestyle kind of day.', NOW()),
(88, 'https://media.istockphoto.com/id/498089329/photo/little-girls-dancing.jpg?s=612x612&w=0&k=20&c=qT0T2k2suvoQNVdi_5lJPTk45J3G7ust8roZTEFpQCA=', 'Every move is a mood.', NOW() - INTERVAL '1 days'),
(89, 'https://media.istockphoto.com/id/1203626601/photo/artist-painting.jpg?s=612x612&w=0&k=20&c=-kseQCVRlF2JqJNb5zmATfsrGUjQ24dyinpb96YB7zE=', 'Masterpieces in progress.', NOW() - INTERVAL '2 days'),
(90, 'https://media.istockphoto.com/id/894870474/photo/two-women-at-a-pottery-workshop-making-clay-pots.jpg?s=612x612&w=0&k=20&c=6SJuo_uRLPJ3aD9YRHt8zJqcE1CO-vbBtjVgOlzoEq4=', 'Forming art one spin at a time.', NOW() - INTERVAL '3 days'),
(91, 'https://c8.alamy.com/comp/G0CT87/ballerina-with-smile-sitting-on-the-floor-in-a-dance-class-G0CT87.jpg', 'Studio vibes and good energy.', NOW() - INTERVAL '4 days'),
(92, 'https://media.gettyimages.com/id/1357967978/photo/happy-group-of-people-in-a-pottery-class.jpg?s=612x612&w=gi&k=20&c=o2jx7hxZepqPBgX_OIGCCYU5CUKGNBqWnW3oc26S1vI=', 'Clay in motion, ideas in flow.', NOW()),
(93, 'https://images.pexels.com/photos/711187/pexels-photo-711187.jpeg?cs=srgb&dl=pexels-heart-rules-1656004-711187.jpg&fm=jpg', 'Freestyle kind of day.', NOW() - INTERVAL '1 days'),
(94, 'https://media.istockphoto.com/id/1594228594/photo/close-up-image-of-a-young-creative-artists-hands-smeared-with-watercolors-holding-a-spatula.jpg?s=612x612&w=0&k=20&c=G-bXSkCLcgiaEkmD-GGe48TsrF0l6X2ebg-zAjtEFcA=', 'Coloring outside the lines, literally.', NOW()),
(95, 'https://media.istockphoto.com/id/1485454176/photo/little-girl-swimming-freestyle-in-a-swimming-pool.jpg?s=612x612&w=0&k=20&c=bReMs-lw0EZkqiLwqWlmmii7MtNJZ4esYG0iysmi1ls=', 'Swim, splash, smile.', NOW() - INTERVAL '1 days'),
(96, 'https://www.shutterstock.com/image-photo/portrait-black-man-hiking-forest-260nw-2260732379.jpg', 'Every step is an adventure.', NOW() - INTERVAL '2 days'),
(97, 'https://st2.depositphotos.com/7972026/11916/i/950/depositphotos_119166632-stock-photo-group-of-people-hiking.jpg', 'Trail time is the best time.', NOW() - INTERVAL '3 days'),
(98, 'https://media.gettyimages.com/id/1343284990/photo/hispanic-group-dance-fitness-class.jpg?s=612x612&w=gi&k=20&c=1g0R6QJYzGSaBPqjcJ3j8qcwYI2WXweA4uFl5XKzTek=', 'When in doubt, dance it out.', NOW()),
(99, 'https://previews.123rf.com/images/nd3000/nd30001906/nd3000190601133/124798438-young-man-traveling-with-backpack-hiking-in-mountains.jpg', 'Rocky paths and rewarding views.', NOW() - INTERVAL '1 days'),
(100, 'https://media.istockphoto.com/id/172339615/photo/swimmer.jpg?s=612x612&w=0&k=20&c=huApx630f-6OJcVLK3zqxQVM0iuqCh_tVMphK0JUoJk=', 'Just keep swimming ', NOW()),
(101, 'https://cms-artifacts.artlist.io/content/motion-array/520373/Pretty_Women_Enjoying_Dance_Class_high_resolution_preview_520373.jpg?Expires=2036490592429&Key-Pair-Id=K2ZDLYDZI2R1DF&Signature=Obrjyd8zBNkTQtdtK92gPbxv53LRCQI3dZJ6by024MY4A1kzFfIr7uKDzw-tpf92dYmNfRrF13-RTie3hlnv0Vgb5JlsN6J0MwSqjMDNMB-3lXupVyuOBS5ZNTvg2mgVSISKWA7eSjJuq7CRQh0-Vff1iXF2qjxnYf69ECPTF6bVYtWUa0mIQjRWQ5ya6xL6vaUnFyzrM9NS1wZxH-z3SQAUtwsGIUqhTcCvXIjrY3QpgjCh5X91eUa9xawC3wFdrRvFrXmAQB6g9kw1BoXQPzFdRhj95qECU3NUGNadL-DcBOX~cj2lOsnhjp~cCltQxy7Xl7JPUQhr0t-yc2T7AA__', 'Dance like nobody''s watching.', NOW() - INTERVAL '1 days'),
(102, 'https://www.shutterstock.com/shutterstock/photos/2253572431/display_1500/stock-photo-african-american-woman-artist-smiling-confident-drawing-at-art-studio-2253572431.jpg', 'Caught in the moment of creativity.', NOW() - INTERVAL '2 days'),
(103, 'https://media.istockphoto.com/id/1081891908/photo/little-boy-swimming-crawl-in-pool.jpg?s=612x612&w=0&k=20&c=_3GmzSiIMtqgcPWi2zsz58nBhUQEiEuJSZN61voNeVo=', 'Making waves and memories.', NOW() - INTERVAL '3 days'),
(104, 'https://media.gettyimages.com/id/103056384/photo/student-working-with-clay-in-classroom.jpg?s=612x612&w=gi&k=20&c=_UrNAWg3PhGWioU_JhSNjjU10ijZWPiKaty5GujdCYg=', 'Shaping memories from clay.', NOW() - INTERVAL '4 days'),
(105, 'https://thumbs.dreamstime.com/b/senior-man-swimming-blue-ocean-health-activity-concept-senior-man-swimming-blue-ocean-health-activity-126005005.jpg', 'Cool water, warm hearts.', NOW()),
(106, 'https://www.shutterstock.com/image-photo/group-boys-girls-teacher-doing-260nw-2472087871.jpg', 'Every move is a mood.', NOW() - INTERVAL '1 days'),
(107, 'https://media.istockphoto.com/id/1183183783/photo/female-artist-works-on-abstract-oil-painting-moving-paint-brush-energetically-she-creates.jpg?s=612x612&w=0&k=20&c=JLPrSmpdzPklAVKycBJ83oPASPfFPS46XvN0TShfLwI=', 'Mixing colors and catching vibes.', NOW() - INTERVAL '2 days'),
(108, 'https://s3.envato.com/files/502775288/22-02-2024%20-%20SASKA%20CERAMICS%20RADIONICA%20ZT8_6489.jpg', 'Forming art one spin at a time.', NOW()),
(109, 'https://c8.alamy.com/comp/M98819/austria-tyrol-young-man-hiking-in-the-mountains-M98819.jpg', 'Found peace at the summit.', NOW() - INTERVAL '1 days'),
(110, 'https://images.pexels.com/photos/1365425/pexels-photo-1365425.jpeg?cs=srgb&dl=pexels-sanmane-1365425.jpg&fm=jpg', 'One trail at a time.', NOW() - INTERVAL '2 days'),
(111, 'https://image.shutterstock.com/image-photo/aerial-top-view-male-swimmer-260nw-2025637421.jpg', 'Swim time = me time.', NOW() - INTERVAL '3 days'),
(112, 'https://t4.ftcdn.net/jpg/05/10/81/89/360_F_510818976_CoP2h7WzBEFHXjOlERSOaWQSif2vlBNM.jpg', 'Feeling the beat from head to toe.', NOW() - INTERVAL '4 days'),
(113, 'https://cdn6.dissolve.com/p/D985_58_194/D985_58_194_1200.jpg', 'Lost in the strokes.', NOW()),
(114, 'https://media.gettyimages.com/id/1343284990/photo/hispanic-group-dance-fitness-class.jpg?s=612x612&w=gi&k=20&c=1g0R6QJYzGSaBPqjcJ3j8qcwYI2WXweA4uFl5XKzTek=', 'Every move is a mood.', NOW() - INTERVAL '1 days'),
(115, 'https://images.pexels.com/photos/711187/pexels-photo-711187.jpeg?cs=srgb&dl=pexels-heart-rules-1656004-711187.jpg&fm=jpg', 'Cool water, warm hearts.', NOW() - INTERVAL '2 days'),
(116, 'https://media.gettyimages.com/id/459214425/photo/perfect-butterfly-stroke.jpg?s=612x612&w=gi&k=20&c=qVPwWvTg-Zf1ZuLl9JcGNSI4yldvyYC1_ZC-AlPfRdU=', 'Making waves and memories.', NOW() - INTERVAL '3 days'),
(117, 'https://en.pimg.jp/043/381/705/1/43381705.jpg', 'Studio vibes and good energy.', NOW()),
(118, 'https://static3.bigstockphoto.com/5/6/2/large1500/265465765.jpg', 'Floating my worries away.', NOW() - INTERVAL '1 days'),
(119, 'https://thumbs.dreamstime.com/b/people-hiking-norway-couple-man-woman-traveling-backpack-active-vacations-healthy-lifestyle-outdoor-mountains-350524026.jpg', 'One trail at a time.', NOW()),
(120, 'https://st3.depositphotos.com/1022135/32080/i/450/depositphotos_320800374-stock-photo-senior-woman-spinning-clay-wheel.jpg', 'Pottery night success!', NOW() - INTERVAL '1 days'),
(121, 'https://thumbs.dreamstime.com/b/stress-sad-bullying-ballet-dance-student-teacher-support-help-care-studio-class-group-women-young-girl-crying-254523108.jpg', 'Feeling the beat from head to toe.', NOW()),
(122, 'https://st.depositphotos.com/1637787/3445/i/950/depositphotos_34455477-stock-photo-happy-couple-hiking.jpg', 'Rocky paths and rewarding views.', NOW() - INTERVAL '1 days'),
(123, 'https://media.gettyimages.com/id/947537080/photo/children-practicing-musical-theater-in-studio.jpg?s=612x612&w=gi&k=20&c=Ob2l3N0P1o8bgnYEwbztXr81u_kLu5NNrAOSKR1YOyE=', 'Feeling the beat from head to toe.', NOW() - INTERVAL '2 days'),
(124, 'https://thumbs.dreamstime.com/b/beautiful-young-woman-relaxing-painting-art-canvas-outdoors-her-garden-mindfulness-therapy-creativity-concept-222502033.jpg', 'Every brushstroke tells a story.', NOW()),
(125, 'https://c8.alamy.com/comp/J55MW9/artistic-painter-looks-through-a-magnifying-glass-isolated-on-white-J55MW9.jpg', 'Canvas therapy session.', NOW() - INTERVAL '1 days'),
(126, 'https://media.istockphoto.com/id/622003802/photo/fit-swimmer-training-in-the-pool.jpg?s=612x612&w=0&k=20&c=iVJw5ofxTcqYuZ2oliYr8OMoW2FoJFr8B7S28HYUXsg=', 'Just keep swimming ', NOW()),
(127, 'https://en.pimg.jp/043/381/705/1/43381705.jpg', 'Studio vibes and good energy.', NOW() - INTERVAL '1 days'),
(128, 'https://c8.alamy.com/comp/FKG2CJ/professional-artist-painting-a-picture-on-canvas-FKG2CJ.jpg', 'Brushing up on my art skills ', NOW() - INTERVAL '2 days'),
(129, 'https://www.shutterstock.com/image-photo/little-girl-deftly-swim-underwater-260nw-657728251.jpg', 'Freestyle kind of day.', NOW() - INTERVAL '3 days'),
(130, 'https://plus.unsplash.com/premium_photo-1677002240252-af3f88114efc?fm=jpg&q=60&w=3000&ixlib=rb-4.0.3&ixid=M3wxMjA3fDB8MHxzZWFyY2h8MXx8aGlraW5nfGVufDB8fDB8fHww', 'Trail time is the best time.', NOW()),
(131, 'https://media.istockphoto.com/id/1190200652/photo/the-painter-hands.jpg?s=612x612&w=0&k=20&c=ejXBjL330H0_i7O90UaRnMqP2G-ZQLgI4XBeXxweWss=', 'Lost in the strokes.', NOW() - INTERVAL '1 days'),
(132, 'https://st2.depositphotos.com/5586578/10520/i/950/depositphotos_105208868-stock-photo-creative-happy-painter-paints-a.jpg', 'Abstract expressions all day.', NOW()),
(133, 'https://t4.ftcdn.net/jpg/00/62/65/29/360_F_62652907_dZgAPIdcVKu8DPCeUPvLRCb9JdHrnpVG.jpg', 'Every brushstroke tells a story.', NOW() - INTERVAL '1 days'),
(134, 'https://c8.alamy.com/comp/G0CT87/ballerina-with-smile-sitting-on-the-floor-in-a-dance-class-G0CT87.jpg', 'Studio vibes and good energy.', NOW() - INTERVAL '2 days'),
(135, 'https://thumbs.dreamstime.com/b/group-people-urban-dance-class-studio-69807147.jpg', 'Feeling the beat from head to toe.', NOW()),
(136, 'https://www.shutterstock.com/image-photo/group-boys-girls-teacher-doing-260nw-2472087871.jpg', 'Learning new steps and loving it.', NOW() - INTERVAL '1 days'),
(137, 'https://images.pexels.com/photos/711187/pexels-photo-711187.jpeg?cs=srgb&dl=pexels-heart-rules-1656004-711187.jpg&fm=jpg', 'Swim, splash, smile.', NOW() - INTERVAL '2 days'),
(138, 'https://thumbs.dreamstime.com/b/year-old-boy-studying-pottery-clay-modeling-master-class-carpathians-ukraine-year-old-boy-studying-pottery-clay-modeling-216737745.jpg', 'Forming art one spin at a time.', NOW() - INTERVAL '3 days'),
(139, 'https://t3.ftcdn.net/jpg/00/59/75/26/360_F_59752635_y1HkYJT4gsvGKOPBL8K8OQMwZbph0Tdo.jpg', 'Twist, turn, and groove.', NOW()),
(140, 'https://st.depositphotos.com/2270781/2435/i/950/depositphotos_24359265-stock-photo-hiking-in-the-mountains.jpg', 'Hike more, worry less.', NOW() - INTERVAL '1 days'),
(141, 'https://media.istockphoto.com/id/1884825617/photo/pottery-teacher-teaching-student-at-a-ceramics-workshop.jpg?s=612x612&w=0&k=20&c=_JjZpDBW60UMDTGQ31BapektHeBEaR6qpsd8LnXsnhE=', 'Pottery: where patience meets creativity.', NOW() - INTERVAL '2 days'),
(142, 'https://previews.123rf.com/images/ljupco/ljupco1606/ljupco160600016/57736113-young-focused-artist-painting-on-a-canvas-isolated-on-white-background.jpg', 'Lost in the strokes.', NOW() - INTERVAL '3 days'),
(143, 'https://images.stockcake.com/public/b/b/4/bb4f4881-8e82-4a0b-815c-ee9ec1f1f424_large/kids-creating-pottery-stockcake.jpg', 'Shaping memories from clay.', NOW() - INTERVAL '4 days'),
(144, 'https://plus.unsplash.com/premium_photo-1677002240252-af3f88114efc?fm=jpg&q=60&w=3000&ixlib=rb-4.0.3&ixid=M3wxMjA3fDB8MHxzZWFyY2h8MXx8aGlraW5nfGVufDB8fDB8fHww', 'Every step is an adventure.', NOW()),
(145, 'https://media.istockphoto.com/id/622003802/photo/fit-swimmer-training-in-the-pool.jpg?s=612x612&w=0&k=20&c=iVJw5ofxTcqYuZ2oliYr8OMoW2FoJFr8B7S28HYUXsg=', 'Just keep swimming ', NOW() - INTERVAL '1 days'),
(146, 'https://cdn6.dissolve.com/p/D985_64_530/D985_64_530_1200.jpg', 'Dance like nobody''s watching.', NOW() - INTERVAL '2 days'),
(147, 'https://thumbs.dreamstime.com/b/children-enjoying-art-class-painting-ceramic-heart-ornaments-concept-creativity-childhood-activities-group-fun-356353408.jpg', 'Bowls, mugs, and a few laughs.', NOW() - INTERVAL '3 days'),
(148, 'https://media.gettyimages.com/id/1343284990/photo/hispanic-group-dance-fitness-class.jpg?s=612x612&w=gi&k=20&c=1g0R6QJYzGSaBPqjcJ3j8qcwYI2WXweA4uFl5XKzTek=', 'Finding rhythm in every step.', NOW()),
(149, 'https://thumbs.dreamstime.com/b/children-painting-finger-easel-group-kids-teacher-girl-boy-learn-paint-class-school-child-picture-background-97201182.jpg', 'Mixing colors and catching vibes.', NOW() - INTERVAL '1 days'),
(150, 'https://t3.ftcdn.net/jpg/01/00/52/40/360_F_100524021_ELVQKKtDvutmHu4sTkBNK4bfDPZKn4vs.jpg', 'Pool days are the best days.', NOW() - INTERVAL '2 days'),
(151, 'https://www.stockvault.net/data/2016/08/18/207762/preview16.jpg', 'Trail time is the best time.', NOW() - INTERVAL '3 days'),
(152, 'https://media.istockphoto.com/id/894870474/photo/two-women-at-a-pottery-workshop-making-clay-pots.jpg?s=612x612&w=0&k=20&c=6SJuo_uRLPJ3aD9YRHt8zJqcE1CO-vbBtjVgOlzoEq4=', 'Pottery: where patience meets creativity.', NOW()),
(153, 'https://static3.bigstockphoto.com/7/6/2/large1500/267125512.jpg', 'Cool water, warm hearts.', NOW() - INTERVAL '1 days'),
(154, 'https://cdn6.dissolve.com/p/D985_58_194/D985_58_194_1200.jpg', 'Coloring outside the lines, literally.', NOW() - INTERVAL '2 days'),
(155, 'https://plus.unsplash.com/premium_photo-1664475361436-e37f6f2ba407?fm=jpg&q=60&w=3000&ixlib=rb-4.0.3&ixid=M3wxMjA3fDB8MHxzZWFyY2h8MXx8c3dpbW1pbmd8ZW58MHx8MHx8fDA%3D', 'Freestyle kind of day.', NOW() - INTERVAL '3 days'),
(156, 'https://thumbs.dreamstime.com/b/children-painting-finger-easel-group-kids-teacher-girl-boy-learn-paint-class-school-child-picture-background-97201182.jpg', 'Masterpieces in progress.', NOW() - INTERVAL '4 days'),
(157, 'https://previews.123rf.com/images/boggy22/boggy221801/boggy22180101112/94715290-young-man-making-and-decorating-pottery-in-workshop.jpg', 'Pottery night success!', NOW()),
(158, 'https://c8.alamy.com/comp/WBCB3E/professional-african-american-male-potter-painting-ceramic-pot-in-pottery-workshop-WBCB3E.jpg', 'Pottery night success!', NOW() - INTERVAL '1 days'),
(159, 'https://static8.depositphotos.com/1437210/901/i/450/depositphotos_9015455-stock-photo-diving.jpg', 'Freestyle kind of day.', NOW() - INTERVAL '2 days'),
(160, 'https://images.pexels.com/photos/1047540/pexels-photo-1047540.jpeg?cs=srgb&dl=pexels-steve-1047540.jpg&fm=jpg', 'Coloring outside the lines, literally.', NOW() - INTERVAL '3 days'),
(161, 'https://plus.unsplash.com/premium_photo-1677002240252-af3f88114efc?fm=jpg&q=60&w=3000&ixlib=rb-4.0.3&ixid=M3wxMjA3fDB8MHxzZWFyY2h8MXx8aGlraW5nfGVufDB8fDB8fHww', 'One trail at a time.', NOW() - INTERVAL '4 days'),
(162, 'https://c8.alamy.com/comp/HG4HXD/senior-man-with-teacher-in-pottery-class-HG4HXD.jpg', 'Centering more than just clay today.', NOW()),
(163, 'https://t3.ftcdn.net/jpg/00/59/75/26/360_F_59752635_y1HkYJT4gsvGKOPBL8K8OQMwZbph0Tdo.jpg', 'Feeling the beat from head to toe.', NOW() - INTERVAL '1 days'),
(164, 'https://images.pexels.com/photos/7031624/pexels-photo-7031624.jpeg?auto=compress&cs=tinysrgb&dpr=1&w=341.25&fit=crop&h=552.5', 'Caught in the moment of creativity.', NOW() - INTERVAL '2 days'),
(165, 'https://c8.alamy.com/comp/2E143HP/sporty-female-swimmer-in-pool-2E143HP.jpg', 'Diving into the deep end.', NOW() - INTERVAL '3 days'),
(166, 'https://st3.depositphotos.com/12982378/18168/i/1600/depositphotos_181685806-stock-photo-smiling-handsome-man-painting-wall.jpg', 'Caught in the moment of creativity.', NOW()),
(167, 'https://burst.shopifycdn.com/photos/hiker-climbing-mountains.jpg?width=1000&format=pjpg&exif=0&iptc=0', 'Every step is an adventure.', NOW() - INTERVAL '1 days'),
(168, 'https://st.depositphotos.com/1637787/3445/i/950/depositphotos_34455477-stock-photo-happy-couple-hiking.jpg', 'Hike more, worry less.', NOW()),
(169, 'https://c8.alamy.com/comp/2E143HP/sporty-female-swimmer-in-pool-2E143HP.jpg', 'Swim, splash, smile.', NOW() - INTERVAL '1 days'),
(170, 'https://media.gettyimages.com/id/1343284990/photo/hispanic-group-dance-fitness-class.jpg?s=612x612&w=gi&k=20&c=1g0R6QJYzGSaBPqjcJ3j8qcwYI2WXweA4uFl5XKzTek=', 'Learning new steps and loving it.', NOW()),
(171, 'https://media.gettyimages.com/id/1293895976/photo/attention-to-detail-makes-all-the-difference.jpg?s=612x612&w=gi&k=20&c=jsuN_alLPRW85rr3Ce1tOD8EOLhEK35TY2_DBwLhaKM=', 'Clay in motion, ideas in flow.', NOW() - INTERVAL '1 days'),
(172, 'https://st2.depositphotos.com/5586578/10520/i/950/depositphotos_105208868-stock-photo-creative-happy-painter-paints-a.jpg', 'Coloring outside the lines, literally.', NOW() - INTERVAL '2 days'),
(173, 'https://media.istockphoto.com/id/967041640/photo/children-dancing-contemp-in-studio-smiling-and-having-fun.jpg?s=612x612&w=0&k=20&c=J5EcohD-XrTcOGKN_7B7rEhO12_dp0TSbOYof89DxNw=', 'Breaking a sweat, catching a beat.', NOW() - INTERVAL '3 days'),
(174, 'https://media.istockphoto.com/id/468936082/photo/young-children-practicing-dance.jpg?s=612x612&w=0&k=20&c=AwIlkwCmxCXyJVZq-NML1J50iWg6jG0g2UNPzxKcRwg=', 'Feeling the beat from head to toe.', NOW() - INTERVAL '4 days'),
(175, 'https://plus.unsplash.com/premium_photo-1706115464365-a82276f7e7b4?fm=jpg&q=60&w=3000&ixlib=rb-4.0.3&ixid=M3wxMjA3fDB8MHxzZWFyY2h8MXx8cG90dGVyeSUyMGNsYXNzfGVufDB8fDB8fHww', 'Forming art one spin at a time.', NOW()),
(176, 'https://cdn.pixabay.com/photo/2018/02/04/09/09/brushes-3129361_640.jpg', 'Every brushstroke tells a story.', NOW() - INTERVAL '1 days'),
(177, 'https://c8.alamy.com/comp/M98819/austria-tyrol-young-man-hiking-in-the-mountains-M98819.jpg', 'One trail at a time.', NOW()),
(178, 'https://images.stockcake.com/public/e/2/d/e2d4e1aa-d776-4dc7-9629-39344cfa52cd_large/joyful-hiking-friends-stockcake.jpg', 'Peak moments and fresh air.', NOW() - INTERVAL '1 days'),
(179, 'https://s3.envato.com/files/502775288/22-02-2024%20-%20SASKA%20CERAMICS%20RADIONICA%20ZT8_6489.jpg', 'Clay in motion, ideas in flow.', NOW() - INTERVAL '2 days'),
(180, 'https://cdn6.dissolve.com/p/D985_58_194/D985_58_194_1200.jpg', 'Caught in the moment of creativity.', NOW()),
(181, 'https://c8.alamy.com/comp/HG4HXD/senior-man-with-teacher-in-pottery-class-HG4HXD.jpg', 'Clay in motion, ideas in flow.', NOW() - INTERVAL '1 days'),
(182, 'https://media.gettyimages.com/id/459214425/photo/perfect-butterfly-stroke.jpg?s=612x612&w=gi&k=20&c=qVPwWvTg-Zf1ZuLl9JcGNSI4yldvyYC1_ZC-AlPfRdU=', 'Freestyle kind of day.', NOW() - INTERVAL '2 days'),
(183, 'https://media.istockphoto.com/id/938119364/photo/woman-painting.jpg?s=612x612&w=0&k=20&c=JKFJGiLlrK9gHKvwxSXRFjYLnvg7ArZBZw8bP8s6RJ8=', 'Canvas therapy session.', NOW() - INTERVAL '3 days'),
(184, 'https://thumbs.dreamstime.com/b/team-professional-painters-uniform-painting-white-wall-empty-room-paint-roller-building-contractors-doing-repair-345139541.jpg', 'Brushing up on my art skills ', NOW()),
(185, 'https://c8.alamy.com/comp/WBCB3E/professional-african-american-male-potter-painting-ceramic-pot-in-pottery-workshop-WBCB3E.jpg', 'Hands dirty, heart happy.', NOW() - INTERVAL '1 days'),
(186, 'https://as2.ftcdn.net/jpg/05/31/87/99/1000_F_531879934_Vn8FbIVgHNrqAQvPaqvfNzLPxO8rTHJx.jpg', 'Bowls, mugs, and a few laughs.', NOW()),
(187, 'https://media.gettyimages.com/id/1361421117/photo/hiking-couple-climb-up-mountain-ridge.jpg?s=612x612&w=gi&k=20&c=LskoahH619_8rUOaUV55nULjSrqIHfcD5c6EDTWe5T4=', 'One trail at a time.', NOW() - INTERVAL '1 days'),
(188, 'https://cdn6.dissolve.com/p/D985_64_530/D985_64_530_1200.jpg', 'Finding rhythm in every step.', NOW() - INTERVAL '2 days'),
(189, 'https://previews.123rf.com/images/nd3000/nd30001904/nd3000190401467/121379910-group-of-happy-young-people-friends-hiking-together-outdoor.jpg', 'Trail time is the best time.', NOW() - INTERVAL '3 days'),
(190, 'https://thumbs.dreamstime.com/b/hikers-people-hiking-healthy-active-lifestyle-hiker-beautiful-mountain-nature-landscape-woman-men-37883423.jpg', 'Found peace at the summit.', NOW()),
(191, 'https://c8.alamy.com/comp/WBCB3E/professional-african-american-male-potter-painting-ceramic-pot-in-pottery-workshop-WBCB3E.jpg', 'Shaping memories from clay.', NOW() - INTERVAL '1 days'),
(192, 'https://www.shutterstock.com/image-photo/portrait-black-man-hiking-forest-260nw-2260732379.jpg', 'Chasing views and good vibes.', NOW()),
(193, 'https://st2.depositphotos.com/1022715/8016/i/950/depositphotos_80169026-stock-photo-girls-at-ballet-dancing-class.jpg', 'Feeling the beat from head to toe.', NOW() - INTERVAL '1 days'),
(194, 'https://images.stockcake.com/public/b/b/4/bb4f4881-8e82-4a0b-815c-ee9ec1f1f424_large/kids-creating-pottery-stockcake.jpg', 'From lump to lovely.', NOW()),
(195, 'https://images.pexels.com/photos/711187/pexels-photo-711187.jpeg?cs=srgb&dl=pexels-heart-rules-1656004-711187.jpg&fm=jpg', 'Pool days are the best days.', NOW() - INTERVAL '1 days'),
(196, 'https://www.shutterstock.com/image-photo/man-girl-standing-next-each-600nw-2452344265.jpg', 'Twist, turn, and groove.', NOW() - INTERVAL '2 days'),
(197, 'https://media.gettyimages.com/id/1511069617/photo/women-hikers-embracing-the-untamed-beauty-of-tasmania-through-exhilarating-bushwalking.jpg?s=612x612&w=gi&k=20&c=HUbxqu5pJfMy2wBgHxctnYZUGjElM8Q9xva7v8AQvFI=', 'Chasing views and good vibes.', NOW() - INTERVAL '3 days'),
(198, 'https://images.pexels.com/photos/12165832/pexels-photo-12165832.jpeg?auto=compress&cs=tinysrgb&w=1260&h=750&dpr=1', 'Clay in motion, ideas in flow.', NOW()),
(199, 'https://img.pikbest.com/origin/05/89/62/07hpIkbEsTIZf.jpg!f305cw', 'Breaking a sweat, catching a beat.', NOW() - INTERVAL '1 days'),
(200, 'https://images.pexels.com/photos/1227571/pexels-photo-1227571.jpeg?cs=srgb&dl=pexels-freestockpro-1227571.jpg&fm=jpg', 'Just keep swimming ', NOW() - INTERVAL '2 days'),
(201, 'https://as2.ftcdn.net/jpg/04/55/45/75/1000_F_455457575_uLM2EwZw6Jkcg1tXmjPYEWDzwqFwSQEp.jpg', 'Hands dirty, heart happy.', NOW() - INTERVAL '3 days'),
(202, 'https://images.stockcake.com/public/e/f/0/ef0df416-e38e-40da-b559-34f47a53f691_large/kids-hiking-trail-stockcake.jpg', 'Wander often, wonder always.', NOW() - INTERVAL '4 days'),
(203, 'https://plus.unsplash.com/premium_photo-1664475361436-e37f6f2ba407?fm=jpg&q=60&w=3000&ixlib=rb-4.0.3&ixid=M3wxMjA3fDB8MHxzZWFyY2h8MXx8c3dpbW1pbmd8ZW58MHx8MHx8fDA%3D', 'Cool water, warm hearts.', NOW()),
(204, 'https://static3.bigstockphoto.com/5/6/2/large1500/265465765.jpg', 'Cool water, warm hearts.', NOW() - INTERVAL '1 days'),
(205, 'https://media.gettyimages.com/id/103056384/photo/student-working-with-clay-in-classroom.jpg?s=612x612&w=gi&k=20&c=_UrNAWg3PhGWioU_JhSNjjU10ijZWPiKaty5GujdCYg=', 'Clay in motion, ideas in flow.', NOW() - INTERVAL '2 days'),
(206, 'https://st2.depositphotos.com/1003580/9950/i/950/depositphotos_99503184-stock-photo-happy-kids-enjoying-swimming.jpg', 'Making waves and memories.', NOW()),
(207, 'https://media.istockphoto.com/id/1305177948/photo/family-with-small-children-hiking-outdoors-in-summer-nature-walking-in-high-tatras.jpg?s=612x612&w=0&k=20&c=Q9FvL7lEZGCcWe1PND0G9M57OUyCY332-V8NGliG4_U=', 'Chasing views and good vibes.', NOW() - INTERVAL '1 days'),
(208, 'https://as2.ftcdn.net/jpg/05/31/87/99/1000_F_531879934_Vn8FbIVgHNrqAQvPaqvfNzLPxO8rTHJx.jpg', 'Forming art one spin at a time.', NOW() - INTERVAL '2 days'),
(209, 'https://us.123rf.com/450wm/lanastock/lanastock2002/lanastock200200195/140729370-full-of-energy-cute-little-boy-in-white-t-shirt-looking-at-camera-and-gesturing-while-having-a.jpg?ver=6', 'Feeling the beat from head to toe.', NOW() - INTERVAL '3 days'),
(210, 'https://st3.depositphotos.com/12982378/18168/i/1600/depositphotos_181685806-stock-photo-smiling-handsome-man-painting-wall.jpg', 'Coloring outside the lines, literally.', NOW() - INTERVAL '4 days'),
(211, 'https://images.pexels.com/photos/8036838/pexels-photo-8036838.jpeg?auto=compress&cs=tinysrgb&w=1260&h=750&dpr=1', 'Brushing up on my art skills ', NOW()),
(212, 'https://media.istockphoto.com/id/1190200652/photo/the-painter-hands.jpg?s=612x612&w=0&k=20&c=ejXBjL330H0_i7O90UaRnMqP2G-ZQLgI4XBeXxweWss=', 'Paint, sip, and relax.', NOW() - INTERVAL '1 days'),
(213, 'https://media.istockphoto.com/id/1132353492/photo/child-learning-to-swim-kids-in-swimming-pool.jpg?s=612x612&w=0&k=20&c=y6AWbZA5AOlVHXA7sO9uHfe5HDQp2z76ZvrU0spZWmw=', 'Swim, splash, smile.', NOW() - INTERVAL '2 days'),
(214, 'https://www.shutterstock.com/image-photo/group-dance-class-diverse-participants-600nw-2534284455.jpg', 'Breaking a sweat, catching a beat.', NOW() - INTERVAL '3 days'),
(215, 'https://st3.depositphotos.com/1007011/14427/i/450/depositphotos_144276885-stock-photo-real-female-painting-wall.jpg', 'Caught in the moment of creativity.', NOW()),
(216, 'https://media.istockphoto.com/id/1364551940/photo/happy-senior-woman-in-swimming-pool-leaning-on-edge.jpg?s=612x612&w=0&k=20&c=X-uvfEKk3K-A40ErGfeuaqK6B9fri6qJtsBhbNBBLiY=', 'Freestyle kind of day.', NOW() - INTERVAL '1 days'),
(217, 'https://t3.ftcdn.net/jpg/01/43/77/72/360_F_143777213_rygDL4sjci25AbaufYjkMfsf4jAaAmar.jpg', 'Swim time = me time.', NOW() - INTERVAL '2 days'),
(218, 'https://cms-artifacts.artlist.io/content/motion-array/520373/Pretty_Women_Enjoying_Dance_Class_high_resolution_preview_520373.jpg?Expires=2036490592429&Key-Pair-Id=K2ZDLYDZI2R1DF&Signature=Obrjyd8zBNkTQtdtK92gPbxv53LRCQI3dZJ6by024MY4A1kzFfIr7uKDzw-tpf92dYmNfRrF13-RTie3hlnv0Vgb5JlsN6J0MwSqjMDNMB-3lXupVyuOBS5ZNTvg2mgVSISKWA7eSjJuq7CRQh0-Vff1iXF2qjxnYf69ECPTF6bVYtWUa0mIQjRWQ5ya6xL6vaUnFyzrM9NS1wZxH-z3SQAUtwsGIUqhTcCvXIjrY3QpgjCh5X91eUa9xawC3wFdrRvFrXmAQB6g9kw1BoXQPzFdRhj95qECU3NUGNadL-DcBOX~cj2lOsnhjp~cCltQxy7Xl7JPUQhr0t-yc2T7AA__', 'When in doubt, dance it out.', NOW()),
(219, 'https://freerangestock.com/sample/131133/painting-with-brush-.jpg', 'Lost in the strokes.', NOW() - INTERVAL '1 days'),
(220, 'https://c8.alamy.com/comp/ERBD68/older-woman-is-hiking-in-nature-ERBD68.jpg', 'Hike more, worry less.', NOW()),
(221, 'https://media.istockphoto.com/id/1884825617/photo/pottery-teacher-teaching-student-at-a-ceramics-workshop.jpg?s=612x612&w=0&k=20&c=_JjZpDBW60UMDTGQ31BapektHeBEaR6qpsd8LnXsnhE=', 'From lump to lovely.', NOW() - INTERVAL '1 days'),
(222, 'https://media.gettyimages.com/id/1689168106/photo/rear-view-of-a-woman-dancing-at-dance-studio.jpg?s=612x612&w=gi&k=20&c=oAiAk9izIQkSfEy4D1kGuy-O1jtH87oIn684918ZAVc=', 'Studio vibes and good energy.', NOW()),
(223, 'https://as2.ftcdn.net/jpg/05/31/87/99/1000_F_531879934_Vn8FbIVgHNrqAQvPaqvfNzLPxO8rTHJx.jpg', 'Pottery night success!', NOW() - INTERVAL '1 days'),
(224, 'https://previews.123rf.com/images/boggy22/boggy221909/boggy22190900558/131588254-senior-woman-spinning-clay-on-a-wheel-with-a-help-of-a-teacher-at-pottery-class.jpg', 'Forming art one spin at a time.', NOW() - INTERVAL '2 days'),
(225, 'https://media.istockphoto.com/id/1884847089/photo/senior-woman-on-pottery-class-at-a-ceramics-workshop.jpg?s=612x612&w=0&k=20&c=sISlRYqH0ViuzLNW-7jv4leJDDANE8QLovyeh5AjpqM=', 'From lump to lovely.', NOW()),
(226, 'https://previews.123rf.com/images/jackf/jackf2303/jackf230300668/199621267-joyous-boy-and-girls-dancing-hip-hop-at-lesson-in-class.jpg', 'When in doubt, dance it out.', NOW() - INTERVAL '1 days'),
(227, 'https://media.istockphoto.com/id/468936082/photo/young-children-practicing-dance.jpg?s=612x612&w=0&k=20&c=AwIlkwCmxCXyJVZq-NML1J50iWg6jG0g2UNPzxKcRwg=', 'Twist, turn, and groove.', NOW() - INTERVAL '2 days'),
(228, 'https://thumbs.dreamstime.com/b/team-professional-painters-uniform-painting-white-wall-empty-room-paint-roller-building-contractors-doing-repair-345139541.jpg', 'Canvas therapy session.', NOW() - INTERVAL '3 days'),
(229, 'https://media.istockphoto.com/id/1285296688/photo/success-woman-hiker-hiking-on-sunrise-mountain-peak-young-woman-with-backpack-rise-to-the.jpg?s=612x612&w=0&k=20&c=Ec_7VXWgRCGQZU6BHQAIJNw5VFZjMkqKr1oMIT_bc9I=', 'Hike more, worry less.', NOW()),
(230, 'https://media.istockphoto.com/id/577949148/photo/vintage-stylized-photo-of-paintbrushes-closeup-and-artist-palett.jpg?s=612x612&w=0&k=20&c=8fuPBz7S5wGDOMix0t0ubL0578WpIslf8INTDYBQU4Y=', 'Coloring outside the lines, literally.', NOW() - INTERVAL '1 days'),
(231, 'https://media.gettyimages.com/id/1321486723/photo/japanese-man-spending-weekend-morning-painting-in-his-bedroom-at-home.jpg?s=612x612&w=gi&k=20&c=3XJUvsdMrjmMgJTtSmoVgG29e7i1fNsRlHqLxFSuPHY=', 'Lost in the strokes.', NOW() - INTERVAL '2 days'),
(232, 'https://freerangestock.com/sample/131133/painting-with-brush-.jpg', 'Masterpieces in progress.', NOW() - INTERVAL '3 days'),
(233, 'https://img.pikbest.com/origin/05/89/62/07hpIkbEsTIZf.jpg!f305cw', 'Finding rhythm in every step.', NOW()),
(234, 'https://cdn6.dissolve.com/p/D145_295_764/D145_295_764_1200.jpg', 'Chasing views and good vibes.', NOW() - INTERVAL '1 days'),
(235, 'https://media.istockphoto.com/id/1369171053/photo/group-of-sporty-people-walks-in-mountains-at-sunset-with-backpacks.jpg?s=612x612&w=0&k=20&c=ajQuWt2YRWd0FPaCpdKz2Tt3WX2NI1ddeZjf8HIxlwU=', 'Rocky paths and rewarding views.', NOW() - INTERVAL '2 days'),
(236, 'https://images.pexels.com/photos/1415810/pexels-photo-1415810.jpeg?auto=compress&cs=tinysrgb&dpr=1&w=500', 'Cool water, warm hearts.', NOW() - INTERVAL '3 days'),
(237, 'https://images.unsplash.com/photo-1470376619031-a6791e534bf0?fm=jpg&q=60&w=3000&ixlib=rb-4.0.3&ixid=M3wxMjA3fDB8MHxzZWFyY2h8N3x8c3dpbW1pbmd8ZW58MHx8MHx8fDA%3D', 'Swim, splash, smile.', NOW()),
(238, 'https://st.depositphotos.com/1637787/3445/i/950/depositphotos_34455477-stock-photo-happy-couple-hiking.jpg', 'Nature never goes out of style.', NOW() - INTERVAL '1 days'),
(239, 'https://us.123rf.com/450wm/lanastock/lanastock2002/lanastock200200195/140729370-full-of-energy-cute-little-boy-in-white-t-shirt-looking-at-camera-and-gesturing-while-having-a.jpg?ver=6', 'Feeling the beat from head to toe.', NOW() - INTERVAL '2 days'),
(240, 'https://media.gettyimages.com/id/1439309211/photo/middle-aged-people-in-a-pottery-class.jpg?s=612x612&w=gi&k=20&c=vZciZP0vwHTkE8cxIFFdvg-T2bbYeVBZAQf4qjLA3ts=', 'Centering more than just clay today.', NOW() - INTERVAL '3 days'),
(241, 'https://as2.ftcdn.net/jpg/05/31/87/99/1000_F_531879934_Vn8FbIVgHNrqAQvPaqvfNzLPxO8rTHJx.jpg', 'Just me and my wheel.', NOW()),
(242, 'https://thumbs.dreamstime.com/b/woman-swimming-underwater-pool-17601041.jpg', 'Swim, splash, smile.', NOW() - INTERVAL '1 days'),
(243, 'https://thumbs.dreamstime.com/b/black-girl-diving-swimming-pool-vacation-76419783.jpg', 'Freestyle kind of day.', NOW() - INTERVAL '2 days'),
(244, 'https://media.istockphoto.com/id/1364551940/photo/happy-senior-woman-in-swimming-pool-leaning-on-edge.jpg?s=612x612&w=0&k=20&c=X-uvfEKk3K-A40ErGfeuaqK6B9fri6qJtsBhbNBBLiY=', 'Swim time = me time.', NOW() - INTERVAL '3 days'),
(245, 'https://previews.123rf.com/images/seventyfour74/seventyfour741903/seventyfour74190300485/118890802-pottery-class-for-kids.jpg', 'Pottery night success!', NOW()),
(246, 'https://thumbs.dreamstime.com/b/stress-sad-bullying-ballet-dance-student-teacher-support-help-care-studio-class-group-women-young-girl-crying-254523108.jpg', 'Finding rhythm in every step.', NOW() - INTERVAL '1 days'),
(247, 'https://media.istockphoto.com/id/1072979420/photo/small-group-of-young-people-creating-pottery.jpg?s=612x612&w=0&k=20&c=ejsc3GybNj7T2NEHNMTTaOXlouKE--KCo72BuJikzKE=', 'Shaping memories from clay.', NOW() - INTERVAL '2 days'),
(248, 'https://previews.123rf.com/images/nd3000/nd30001906/nd3000190601133/124798438-young-man-traveling-with-backpack-hiking-in-mountains.jpg', 'Hike more, worry less.', NOW()),
(249, 'https://t4.ftcdn.net/jpg/04/48/77/29/360_F_448772985_m27ElmCFlqzL7d7tfwlSRNpnU6k7MA7l.jpg', 'Canvas therapy session.', NOW() - INTERVAL '1 days'),
(250, 'https://st3.depositphotos.com/12982378/18168/i/1600/depositphotos_181685806-stock-photo-smiling-handsome-man-painting-wall.jpg', 'Mixing colors and catching vibes.', NOW()),
(251, 'https://media.gettyimages.com/id/1439309211/photo/middle-aged-people-in-a-pottery-class.jpg?s=612x612&w=gi&k=20&c=vZciZP0vwHTkE8cxIFFdvg-T2bbYeVBZAQf4qjLA3ts=', 'Centering more than just clay today.', NOW() - INTERVAL '1 days'),
(252, 'https://images.pexels.com/photos/1194235/pexels-photo-1194235.jpeg?cs=srgb&dl=pexels-ben-maxwell-479813-1194235.jpg&fm=jpg', 'Hike more, worry less.', NOW() - INTERVAL '2 days'),
(253, 'https://www.stockvault.net/data/2016/08/18/207762/preview16.jpg', 'Nature never goes out of style.', NOW() - INTERVAL '3 days'),
(254, 'https://thumbs.dreamstime.com/b/hikers-people-hiking-healthy-active-lifestyle-hiker-beautiful-mountain-nature-landscape-woman-men-37883423.jpg', 'One trail at a time.', NOW()),
(255, 'https://www.shutterstock.com/image-photo/pottery-lesson-master-class-kids-600nw-2443277333.jpg', 'Hands dirty, heart happy.', NOW() - INTERVAL '1 days'),
(256, 'https://s3.envato.com/files/502279887/22-02-2024%20-%20SASKA%20CERAMICS%20RADIONICA%20ZT8_5182.jpg', 'Centering more than just clay today.', NOW()),
(257, 'https://media.istockphoto.com/id/1304289911/photo/my-vision-of-female-face.jpg?s=612x612&w=0&k=20&c=PqJ9iL628RILnaVYcCWSFqLj4IxVR7826Lt9t8FknOo=', 'Mixing colors and catching vibes.', NOW() - INTERVAL '1 days'),
(258, 'https://st.depositphotos.com/2270781/2435/i/950/depositphotos_24359265-stock-photo-hiking-in-the-mountains.jpg', 'Found peace at the summit.', NOW() - INTERVAL '2 days'),
(259, 'https://t4.ftcdn.net/jpg/04/48/77/29/360_F_448772985_m27ElmCFlqzL7d7tfwlSRNpnU6k7MA7l.jpg', 'Masterpieces in progress.', NOW() - INTERVAL '3 days'),
(260, 'https://i0.wp.com/artinthebarn.life/wp-content/uploads/2024/06/mommy-and-me-stock-pottery-photo.jpg?fit=1178%2C1353&ssl=1', 'Shaping memories from clay.', NOW() - INTERVAL '4 days'),
(261, 'https://img.pikbest.com/origin/05/89/62/07hpIkbEsTIZf.jpg!f305cw', 'Learning new steps and loving it.', NOW()),
(262, 'https://www.stockvault.net/data/2016/02/23/184786/preview16.jpg', 'Chasing views and good vibes.', NOW() - INTERVAL '1 days'),
(263, 'https://plus.unsplash.com/premium_photo-1681492514899-089902cd417a?fm=jpg&q=60&w=3000&ixlib=rb-4.0.3&ixid=M3wxMjA3fDB8MHxzZWFyY2h8MXx8ZGFuY2UlMjBjbGFzc3xlbnwwfHwwfHx8MA%3D%3D', 'Finding rhythm in every step.', NOW() - INTERVAL '2 days'),
(264, 'https://www.shutterstock.com/image-photo/hiking-woman-on-high-altitude-260nw-2495042647.jpg', 'Wander often, wonder always.', NOW() - INTERVAL '3 days'),
(265, 'https://images.pexels.com/photos/1365425/pexels-photo-1365425.jpeg?cs=srgb&dl=pexels-sanmane-1365425.jpg&fm=jpg', 'Hike more, worry less.', NOW() - INTERVAL '4 days'),
(266, 'https://www.shutterstock.com/image-photo/group-boys-girls-teacher-doing-260nw-2472087871.jpg', 'Finding rhythm in every step.', NOW()),
(267, 'https://c8.alamy.com/comp/J55MW9/artistic-painter-looks-through-a-magnifying-glass-isolated-on-white-J55MW9.jpg', 'Paint, sip, and relax.', NOW() - INTERVAL '1 days'),
(268, 'https://s3.envato.com/files/502775252/22-02-2024%20-%20SASKA%20CERAMICS%20RADIONICA%20ZT8_5821.jpg', 'Just me and my wheel.', NOW() - INTERVAL '2 days'),
(269, 'https://media.gettyimages.com/id/1382832652/photo/afro-female-fine-artist-with-traditional-african-hat-and-apron-drawing-in-art-studio.jpg?s=612x612&w=gi&k=20&c=03OS0_KPH2ahVn4M85sFARAWK1oN8cpzWSlWAT8lIp8=', 'Masterpieces in progress.', NOW()),
(270, 'https://cdn6.dissolve.com/p/D985_64_530/D985_64_530_1200.jpg', 'Learning new steps and loving it.', NOW() - INTERVAL '1 days'),
(271, 'https://images.stockcake.com/public/e/f/0/ef0df416-e38e-40da-b559-34f47a53f691_large/kids-hiking-trail-stockcake.jpg', 'Peak moments and fresh air.', NOW() - INTERVAL '2 days'),
(272, 'https://c8.alamy.com/comp/M98819/austria-tyrol-young-man-hiking-in-the-mountains-M98819.jpg', 'Rocky paths and rewarding views.', NOW()),
(273, 'https://images.stockcake.com/public/e/f/0/ef0df416-e38e-40da-b559-34f47a53f691_large/kids-hiking-trail-stockcake.jpg', 'Rocky paths and rewarding views.', NOW() - INTERVAL '1 days'),
(274, 'https://media.istockphoto.com/id/1511069617/photo/women-hikers-embracing-the-untamed-beauty-of-tasmania-through-exhilarating-bushwalking.jpg?s=612x612&w=0&k=20&c=T8sDlMsvby3usWMjkdvQobeMycD0YkwyreeRF9VFWE8=', 'Hike more, worry less.', NOW() - INTERVAL '2 days'),
(275, 'https://thumbs.dreamstime.com/b/girl-lilo-swimming-pool-20337385.jpg', 'Freestyle kind of day.', NOW() - INTERVAL '3 days'),
(276, 'https://plus.unsplash.com/premium_photo-1664475361436-e37f6f2ba407?fm=jpg&q=60&w=3000&ixlib=rb-4.0.3&ixid=M3wxMjA3fDB8MHxzZWFyY2h8MXx8c3dpbW1pbmd8ZW58MHx8MHx8fDA%3D', 'Just keep swimming ', NOW() - INTERVAL '4 days'),
(277, 'https://t4.ftcdn.net/jpg/04/48/77/29/360_F_448772985_m27ElmCFlqzL7d7tfwlSRNpnU6k7MA7l.jpg', 'Brushing up on my art skills ', NOW()),
(278, 'https://media.gettyimages.com/id/103056384/photo/student-working-with-clay-in-classroom.jpg?s=612x612&w=gi&k=20&c=_UrNAWg3PhGWioU_JhSNjjU10ijZWPiKaty5GujdCYg=', 'Bowls, mugs, and a few laughs.', NOW() - INTERVAL '1 days'),
(279, 'https://thumbs.dreamstime.com/b/kids-dancing-class-traninng-scarfs-children-modern-group-choreography-45177643.jpg', 'When in doubt, dance it out.', NOW() - INTERVAL '2 days'),
(280, 'https://thumbs.dreamstime.com/b/girl-lilo-swimming-pool-20337385.jpg', 'Making waves and memories.', NOW()),
(281, 'https://www.shutterstock.com/image-photo/man-girl-standing-next-each-600nw-2452344265.jpg', 'Dance like nobody''s watching.', NOW() - INTERVAL '1 days'),
(282, 'https://theedenmagazine.com/wp-content/uploads/2024/06/Take-A-Hike-AdobeStock_448444473.jpg', 'Found peace at the summit.', NOW() - INTERVAL '2 days'),
(283, 'https://images.pexels.com/photos/1194235/pexels-photo-1194235.jpeg?cs=srgb&dl=pexels-ben-maxwell-479813-1194235.jpg&fm=jpg', 'Every step is an adventure.', NOW() - INTERVAL '3 days'),
(284, 'https://media.gettyimages.com/id/956152482/photo/hip-hop-dance-group-of-young-diverse-girls.jpg?s=612x612&w=gi&k=20&c=I71LcNh6AxyZiPPnVv2BEQ6jBe9USdsFBkonzamAdvA=', 'Every move is a mood.', NOW() - INTERVAL '4 days'),
(285, 'https://bodyliberationphotos.com/wp-content/uploads/2020/11/Plus-Size-amp-Diverse-Stock-Photo-Fat-Dance-Class-58106.jpg', 'Studio vibes and good energy.', NOW()),
(286, 'https://www.shutterstock.com/image-photo/group-dance-class-diverse-participants-600nw-2534284455.jpg', 'Breaking a sweat, catching a beat.', NOW() - INTERVAL '1 days'),
(287, 'https://as2.ftcdn.net/jpg/04/55/45/75/1000_F_455457575_uLM2EwZw6Jkcg1tXmjPYEWDzwqFwSQEp.jpg', 'Just me and my wheel.', NOW() - INTERVAL '2 days'),
(288, 'https://images.unsplash.com/photo-1470376619031-a6791e534bf0?fm=jpg&q=60&w=3000&ixlib=rb-4.0.3&ixid=M3wxMjA3fDB8MHxzZWFyY2h8N3x8c3dpbW1pbmd8ZW58MHx8MHx8fDA%3D', 'Swim, splash, smile.', NOW() - INTERVAL '3 days'),
(289, 'https://t3.ftcdn.net/jpg/01/01/35/48/360_F_101354877_HTDiO6GwD9xi62BOGKOGwZnEQBibbMlj.jpg', 'Just keep swimming ', NOW() - INTERVAL '4 days'),
(290, 'https://media.gettyimages.com/id/1369654070/photo/young-couple-backpack-up-a-mountain-summit.jpg?s=612x612&w=gi&k=20&c=CkYYtk4qXsnqZ-b4hVk7ZIhxbu3Z9K7n6saxga0W99M=', 'Hike more, worry less.', NOW()),
(291, 'https://thumbs.dreamstime.com/b/hikers-people-hiking-healthy-active-lifestyle-hiker-beautiful-mountain-nature-landscape-woman-men-37883423.jpg', 'Trail time is the best time.', NOW() - INTERVAL '1 days'),
(292, 'https://media.istockphoto.com/id/985041468/photo/modeling-on-a-potters-wheel.jpg?s=612x612&w=0&k=20&c=GL8--f0_STRdNNmCOe73AdM8LWq38G0Tn9jRPM1Ct8w=', 'Hands dirty, heart happy.', NOW() - INTERVAL '2 days'),
(293, 'https://www.shutterstock.com/image-photo/art-creativity-people-concept-close-260nw-1024133086.jpg', 'Lost in the strokes.', NOW() - INTERVAL '3 days'),
(294, 'https://previews.123rf.com/images/boggy22/boggy221909/boggy22190900558/131588254-senior-woman-spinning-clay-on-a-wheel-with-a-help-of-a-teacher-at-pottery-class.jpg', 'Shaping memories from clay.', NOW()),
(295, 'https://www.shutterstock.com/image-photo/pottery-lesson-master-class-kids-600nw-2443277333.jpg', 'Pottery: where patience meets creativity.', NOW() - INTERVAL '1 days'),
(296, 'https://c8.alamy.com/comp/HNMGTD/group-of-hikers-walking-in-the-nature-at-sunset-friends-on-mountain-HNMGTD.jpg', 'Every step is an adventure.', NOW() - INTERVAL '2 days'),
(297, 'https://media.istockphoto.com/id/1884847089/photo/senior-woman-on-pottery-class-at-a-ceramics-workshop.jpg?s=612x612&w=0&k=20&c=sISlRYqH0ViuzLNW-7jv4leJDDANE8QLovyeh5AjpqM=', 'Hands dirty, heart happy.', NOW()),
(298, 'https://images.stockcake.com/public/4/a/b/4abd173f-4c64-4b0e-b31c-208a8ab8f137_large/vibrant-dance-class-stockcake.jpg', 'Every move is a mood.', NOW() - INTERVAL '1 days'),
(299, 'https://plus.unsplash.com/premium_photo-1664475361436-e37f6f2ba407?fm=jpg&q=60&w=3000&ixlib=rb-4.0.3&ixid=M3wxMjA3fDB8MHxzZWFyY2h8MXx8c3dpbW1pbmd8ZW58MHx8MHx8fDA%3D', 'Cool water, warm hearts.', NOW() - INTERVAL '2 days'),
(300, 'https://us.123rf.com/450wm/jackf/jackf2503/jackf250306418/243416121-girl-learn-to-dance-hip-hop-dances-doing-movement-with-unrecognizable-teacher.jpg?ver=6', 'Dance like nobody''s watching.', NOW()),
(301, 'https://images.pexels.com/photos/1266808/pexels-photo-1266808.jpeg?cs=srgb&dl=pexels-steve-1266808.jpg&fm=jpg', 'Caught in the moment of creativity.', NOW() - INTERVAL '1 days'),
(302, 'https://st2.depositphotos.com/2069237/5288/i/950/depositphotos_52887017-stock-photo-celebrating-hiking-people-at-top.jpg', 'Nature never goes out of style.', NOW()),
(303, 'https://t3.ftcdn.net/jpg/01/09/20/40/360_F_109204081_CvSWBmG5pRGDwIERPX0Uv97YSn7dTdoV.jpg', 'Every step is an adventure.', NOW() - INTERVAL '1 days'),
(304, 'https://c8.alamy.com/comp/KE79JJ/female-artist-painting-in-art-studio-KE79JJ.jpg', 'Coloring outside the lines, literally.', NOW() - INTERVAL '2 days'),
(305, 'https://thumbs.dreamstime.com/b/children-enjoying-art-class-painting-ceramic-heart-ornaments-concept-creativity-childhood-activities-group-fun-356353408.jpg', 'Bowls, mugs, and a few laughs.', NOW() - INTERVAL '3 days'),
(306, 'https://images.stockcake.com/public/2/8/6/286ba175-841b-444c-8fe0-518d9b160b47_large/joyful-dance-class-stockcake.jpg', 'Learning new steps and loving it.', NOW() - INTERVAL '4 days'),
(307, 'https://c8.alamy.com/comp/KE79JJ/female-artist-painting-in-art-studio-KE79JJ.jpg', 'Brushing up on my art skills ', NOW()),
(308, 'https://c8.alamy.com/comp/G0CT87/ballerina-with-smile-sitting-on-the-floor-in-a-dance-class-G0CT87.jpg', 'Twist, turn, and groove.', NOW() - INTERVAL '1 days'),
(309, 'https://images.pexels.com/photos/7031624/pexels-photo-7031624.jpeg?auto=compress&cs=tinysrgb&dpr=1&w=341.25&fit=crop&h=552.5', 'Canvas therapy session.', NOW()),
(310, 'https://t3.ftcdn.net/jpg/01/01/35/48/360_F_101354877_HTDiO6GwD9xi62BOGKOGwZnEQBibbMlj.jpg', 'Freestyle kind of day.', NOW() - INTERVAL '1 days'),
(311, 'https://s3.envato.com/files/502279887/22-02-2024%20-%20SASKA%20CERAMICS%20RADIONICA%20ZT8_5182.jpg', 'Forming art one spin at a time.', NOW() - INTERVAL '2 days'),
(312, 'https://images.stockcake.com/public/0/f/6/0f669c9b-b807-4509-9f6c-d1fa96551456_large/joyful-pottery-class-stockcake.jpg', 'Shaping memories from clay.', NOW() - INTERVAL '3 days'),
(313, 'https://media.gettyimages.com/id/904172104/photo/weve-made-it-all-this-way-i-am-proud.jpg?s=612x612&w=gi&k=20&c=4v5eDfZYuB5LwKWS0ZWP_dIHrdC6es-kXrPO2JqcEqs=', 'Wander often, wonder always.', NOW() - INTERVAL '4 days'),
(314, 'https://media.istockphoto.com/id/1511069617/photo/women-hikers-embracing-the-untamed-beauty-of-tasmania-through-exhilarating-bushwalking.jpg?s=612x612&w=0&k=20&c=T8sDlMsvby3usWMjkdvQobeMycD0YkwyreeRF9VFWE8=', 'Hike more, worry less.', NOW()),
(315, 'https://t4.ftcdn.net/jpg/03/40/51/65/360_F_340516560_gKJSjmXXjDHu28s4JUkIGxRi3u9FhTjD.jpg', 'Learning new steps and loving it.', NOW() - INTERVAL '1 days'),
(316, 'https://media.gettyimages.com/id/517381843/photo/woman-swimming-freestyle.jpg?s=612x612&w=gi&k=20&c=Ne0QDoI_87YoeXJvxKBmWm5R5xKdH_xqX0zXK7iNz-s=', 'Underwater thoughts.', NOW() - INTERVAL '2 days'),
(317, 'https://bodyliberationphotos.com/wp-content/uploads/2020/11/Plus-Size-amp-Diverse-Stock-Photo-Fat-Dance-Class-58092.jpg', 'Twist, turn, and groove.', NOW() - INTERVAL '3 days'),
(318, 'https://us.123rf.com/450wm/lanastock/lanastock2002/lanastock200200195/140729370-full-of-energy-cute-little-boy-in-white-t-shirt-looking-at-camera-and-gesturing-while-having-a.jpg?ver=6', 'Finding rhythm in every step.', NOW() - INTERVAL '4 days'),
(319, 'https://images.pexels.com/photos/8036838/pexels-photo-8036838.jpeg?auto=compress&cs=tinysrgb&w=1260&h=750&dpr=1', 'Brushing up on my art skills ', NOW()),
(320, 'https://s3.envato.com/files/502775252/22-02-2024%20-%20SASKA%20CERAMICS%20RADIONICA%20ZT8_5821.jpg', 'From lump to lovely.', NOW() - INTERVAL '1 days'),
(321, 'https://media.istockphoto.com/id/1285296688/photo/success-woman-hiker-hiking-on-sunrise-mountain-peak-young-woman-with-backpack-rise-to-the.jpg?s=612x612&w=0&k=20&c=Ec_7VXWgRCGQZU6BHQAIJNw5VFZjMkqKr1oMIT_bc9I=', 'Trail time is the best time.', NOW() - INTERVAL '2 days'),
(322, 'https://media.gettyimages.com/id/1689168106/photo/rear-view-of-a-woman-dancing-at-dance-studio.jpg?s=612x612&w=gi&k=20&c=oAiAk9izIQkSfEy4D1kGuy-O1jtH87oIn684918ZAVc=', 'Studio vibes and good energy.', NOW() - INTERVAL '3 days'),
(323, 'https://www.stockvault.net/data/2016/08/18/207762/preview16.jpg', 'Hike more, worry less.', NOW()),
(324, 'https://previews.123rf.com/images/jackf/jackf1811/jackf181104713/111663786-smiling-sporty-adults-of-different-ages-dancing-at-dance-class.jpg', 'Finding rhythm in every step.', NOW() - INTERVAL '1 days'),
(325, 'https://images.pexels.com/photos/1047540/pexels-photo-1047540.jpeg?cs=srgb&dl=pexels-steve-1047540.jpg&fm=jpg', 'Canvas therapy session.', NOW() - INTERVAL '2 days'),
(326, 'https://media.istockphoto.com/id/577949148/photo/vintage-stylized-photo-of-paintbrushes-closeup-and-artist-palett.jpg?s=612x612&w=0&k=20&c=8fuPBz7S5wGDOMix0t0ubL0578WpIslf8INTDYBQU4Y=', 'Every brushstroke tells a story.', NOW()),
(327, 'https://img3.stockfresh.com/files/l/len44ik/m/25/4571397_stock-photo-cute-little-girl-in-swimming-pool.jpg', 'Floating my worries away.', NOW() - INTERVAL '1 days'),
(328, 'https://media.gettyimages.com/id/1369654070/photo/young-couple-backpack-up-a-mountain-summit.jpg?s=612x612&w=gi&k=20&c=CkYYtk4qXsnqZ-b4hVk7ZIhxbu3Z9K7n6saxga0W99M=', 'Peak moments and fresh air.', NOW()),
(329, 'https://media.istockphoto.com/id/1594228594/photo/close-up-image-of-a-young-creative-artists-hands-smeared-with-watercolors-holding-a-spatula.jpg?s=612x612&w=0&k=20&c=G-bXSkCLcgiaEkmD-GGe48TsrF0l6X2ebg-zAjtEFcA=', 'Coloring outside the lines, literally.', NOW() - INTERVAL '1 days'),
(330, 'https://t4.ftcdn.net/jpg/00/62/65/29/360_F_62652907_dZgAPIdcVKu8DPCeUPvLRCb9JdHrnpVG.jpg', 'Coloring outside the lines, literally.', NOW() - INTERVAL '2 days'),
(331, 'https://t4.ftcdn.net/jpg/04/48/77/29/360_F_448772999_4KvKOwVaIEAtBPWdsDT39xX7Zyk0kTld.jpg', 'Coloring outside the lines, literally.', NOW() - INTERVAL '3 days'),
(332, 'https://images.pexels.com/photos/1271619/pexels-photo-1271619.jpeg?cs=srgb&dl=pexels-andreimike-1271619.jpg&fm=jpg', 'Hike more, worry less.', NOW() - INTERVAL '4 days'),
(333, 'https://st.depositphotos.com/2270781/2435/i/950/depositphotos_24359265-stock-photo-hiking-in-the-mountains.jpg', 'Peak moments and fresh air.', NOW()),
(334, 'https://media.gettyimages.com/id/1293895976/photo/attention-to-detail-makes-all-the-difference.jpg?s=612x612&w=gi&k=20&c=jsuN_alLPRW85rr3Ce1tOD8EOLhEK35TY2_DBwLhaKM=', 'Just me and my wheel.', NOW() - INTERVAL '1 days'),
(335, 'https://theedenmagazine.com/wp-content/uploads/2024/06/Take-A-Hike-AdobeStock_448444473.jpg', 'Trail time is the best time.', NOW() - INTERVAL '2 days'),
(336, 'https://c8.alamy.com/comp/2DC5H60/woman-dancing-actively-during-the-dance-class-2DC5H60.jpg', 'Feeling the beat from head to toe.', NOW()),
(337, 'https://t4.ftcdn.net/jpg/01/63/13/81/360_F_163138124_9lCV7ep4dYJlLApk7nq050lSnGwgAHVA.jpg', 'Diving into the deep end.', NOW() - INTERVAL '1 days'),
(338, 'https://media.istockphoto.com/id/1305177948/photo/family-with-small-children-hiking-outdoors-in-summer-nature-walking-in-high-tatras.jpg?s=612x612&w=0&k=20&c=Q9FvL7lEZGCcWe1PND0G9M57OUyCY332-V8NGliG4_U=', 'Hike more, worry less.', NOW() - INTERVAL '2 days'),
(339, 'https://t3.ftcdn.net/jpg/02/96/46/88/360_F_296468884_UczFBUvubhtA7zx73epphJ8vCgtkYx9s.jpg', 'One trail at a time.', NOW() - INTERVAL '3 days'),
(340, 'https://previews.123rf.com/images/jackf/jackf2303/jackf230300668/199621267-joyous-boy-and-girls-dancing-hip-hop-at-lesson-in-class.jpg', 'Every move is a mood.', NOW() - INTERVAL '4 days'),
(341, 'https://www.shutterstock.com/image-photo/man-hiking-sunset-mountains-heavy-260nw-723981925.jpg', 'Trail time is the best time.', NOW()),
(342, 'https://media.istockphoto.com/id/483396427/photo/dance-fitness.jpg?s=612x612&w=0&k=20&c=muLXGopm5JdwVrf6dQgrkp3CoHJggjsjEKvmF7tsgwg=', 'Every move is a mood.', NOW() - INTERVAL '1 days'),
(343, 'https://previews.123rf.com/images/gstockstudio/gstockstudio1610/gstockstudio161000494/65334862-passing-on-pottery-skills-cheerful-young-man-and-little-boy-making-ceramic-pot-on-the-pottery-class.jpg', 'Pottery: where patience meets creativity.', NOW() - INTERVAL '2 days'),
(344, 'https://www.shutterstock.com/image-photo/group-dance-class-diverse-participants-600nw-2534284455.jpg', 'Every move is a mood.', NOW() - INTERVAL '3 days'),
(345, 'https://cdn6.dissolve.com/p/D985_58_194/D985_58_194_1200.jpg', 'Brushing up on my art skills ', NOW() - INTERVAL '4 days'),
(346, 'https://media.istockphoto.com/id/1303216086/photo/young-couple-of-hikers-bound-up-ridge-together.jpg?s=612x612&w=0&k=20&c=-Q_DMng9mzoQT8MrfX6CrvTqGvxjIiVz2DR1SKrkjd4=', 'Found peace at the summit.', NOW()),
(347, 'https://thumbs.dreamstime.com/b/team-professional-painters-uniform-painting-white-wall-empty-room-paint-roller-building-contractors-doing-repair-345139541.jpg', 'Coloring outside the lines, literally.', NOW() - INTERVAL '1 days'),
(348, 'https://images.pexels.com/photos/1266808/pexels-photo-1266808.jpeg?cs=srgb&dl=pexels-steve-1266808.jpg&fm=jpg', 'Canvas therapy session.', NOW() - INTERVAL '2 days'),
(349, 'https://media.istockphoto.com/id/1081891908/photo/little-boy-swimming-crawl-in-pool.jpg?s=612x612&w=0&k=20&c=_3GmzSiIMtqgcPWi2zsz58nBhUQEiEuJSZN61voNeVo=', 'Diving into the deep end.', NOW() - INTERVAL '3 days'),
(350, 'https://us.123rf.com/450wm/jackf/jackf2503/jackf250306418/243416121-girl-learn-to-dance-hip-hop-dances-doing-movement-with-unrecognizable-teacher.jpg?ver=6', 'Learning new steps and loving it.', NOW()),
(351, 'https://www.shutterstock.com/image-photo/little-girl-deftly-swim-underwater-260nw-657728251.jpg', 'Swim time = me time.', NOW() - INTERVAL '1 days'),
(352, 'https://cms-artifacts.artlist.io/content/motion-array/405070/Little_Girl_In_A_Swimming_Pool_high_resolution_preview_405070.jpg?Expires=2036676907713&Key-Pair-Id=K2ZDLYDZI2R1DF&Signature=ovv0FCMBymNVEjFAFZMoLGC1skoO2OcY5eAZfdBEtlHQOm~J8KpdZG3BK2GzFTWNmhAIAsaHlrKrG7YSke2~UrRafuVCahUvF~iFaF~ILH2-6wo~UGbZx0S1pRgW1sorOjUNeAcfe9P45yJIe0RkNTfP9lNMKUDrjmLEH7nEh2Hbh9XeqySaWENlWAbh6e4UOOp7Pau0jORuOTDkpamSvkcvM6wvbMsiPzthGIA~qjJ1mPU~b09mj4mMZ4PPVoc97QsFNXPg2xy0kDSg1JflS0kINY9CypLVQ3SamiGBoIk~Dy8~QuqecjCk8VQfDN8n8Rtcw-tsoJb-WmnbiAjvsg__', 'Cool water, warm hearts.', NOW() - INTERVAL '2 days'),
(353, 'https://static8.depositphotos.com/1437210/901/i/450/depositphotos_9015455-stock-photo-diving.jpg', 'Swim time = me time.', NOW()),
(354, 'https://previews.123rf.com/images/seventyfour74/seventyfour741903/seventyfour74190300485/118890802-pottery-class-for-kids.jpg', 'Just me and my wheel.', NOW() - INTERVAL '1 days'),
(355, 'https://media.istockphoto.com/id/1364551940/photo/happy-senior-woman-in-swimming-pool-leaning-on-edge.jpg?s=612x612&w=0&k=20&c=X-uvfEKk3K-A40ErGfeuaqK6B9fri6qJtsBhbNBBLiY=', 'Just keep swimming ', NOW()),
(356, 'https://thumbs.dreamstime.com/b/children-enjoying-art-class-painting-ceramic-heart-ornaments-concept-creativity-childhood-activities-group-fun-356353408.jpg', 'Centering more than just clay today.', NOW() - INTERVAL '1 days'),
(357, 'https://burst.shopifycdn.com/photos/nature-photographer-in-california-mountains.jpg?width=1000&format=pjpg&exif=0&iptc=0', 'Trail time is the best time.', NOW() - INTERVAL '2 days');

-- === POSTS ===
INSERT INTO posts (id, user_id, photo_id, title, body, created_at) VALUES
(1, 1, 1, 'Bowls, mugs, and a few laughs.', '', NOW()),
(2, 1, 2, 'Every brushstroke tells a story.', '', NOW() - INTERVAL '1 days'),
(3, 1, 3, 'Just keep swimming ', '', NOW() - INTERVAL '2 days'),
(4, 1, 4, 'Hike more, worry less.', '', NOW() - INTERVAL '3 days'),
(5, 2, 5, 'Found peace at the summit.', '', NOW()),
(6, 2, 6, 'Cool water, warm hearts.', '', NOW() - INTERVAL '1 days'),
(7, 2, 7, 'Hike more, worry less.', '', NOW() - INTERVAL '2 days'),
(8, 3, 8, 'Twist, turn, and groove.', '', NOW()),
(9, 3, 9, 'Feeling the beat from head to toe.', '', NOW() - INTERVAL '1 days'),
(10, 3, 10, 'Brushing up on my art skills ', '', NOW() - INTERVAL '2 days'),
(11, 3, 11, 'From lump to lovely.', '', NOW() - INTERVAL '3 days'),
(12, 4, 12, 'Abstract expressions all day.', '', NOW()),
(13, 4, 13, 'From lump to lovely.', '', NOW() - INTERVAL '1 days'),
(14, 4, 14, 'Every move is a mood.', '', NOW() - INTERVAL '2 days'),
(15, 4, 15, 'Just me and my wheel.', '', NOW() - INTERVAL '3 days'),
(16, 5, 16, 'Caught in the moment of creativity.', '', NOW()),
(17, 5, 17, 'Every step is an adventure.', '', NOW() - INTERVAL '1 days'),
(18, 6, 18, 'Feeling the beat from head to toe.', '', NOW()),
(19, 6, 19, 'Floating my worries away.', '', NOW() - INTERVAL '1 days'),
(20, 6, 20, 'Pottery: where patience meets creativity.', '', NOW() - INTERVAL '2 days'),
(21, 6, 21, 'Centering more than just clay today.', '', NOW() - INTERVAL '3 days'),
(22, 7, 22, 'Every brushstroke tells a story.', '', NOW()),
(23, 7, 23, 'Just me and my wheel.', '', NOW() - INTERVAL '1 days'),
(24, 7, 24, 'Every brushstroke tells a story.', '', NOW() - INTERVAL '2 days'),
(25, 7, 25, 'Dancing through life one class at a time.', '', NOW() - INTERVAL '3 days'),
(26, 8, 26, 'Studio vibes and good energy.', '', NOW()),
(27, 8, 27, 'Pottery night success!', '', NOW() - INTERVAL '1 days'),
(28, 8, 28, 'Rocky paths and rewarding views.', '', NOW() - INTERVAL '2 days'),
(29, 8, 29, 'Hands dirty, heart happy.', '', NOW() - INTERVAL '3 days'),
(30, 8, 30, 'Nature never goes out of style.', '', NOW() - INTERVAL '4 days'),
(31, 9, 31, 'Finding rhythm in every step.', '', NOW()),
(32, 9, 32, 'Twist, turn, and groove.', '', NOW() - INTERVAL '1 days'),
(33, 9, 33, 'Centering more than just clay today.', '', NOW() - INTERVAL '2 days'),
(34, 10, 34, 'Making waves and memories.', '', NOW()),
(35, 10, 35, 'Dancing through life one class at a time.', '', NOW() - INTERVAL '1 days'),
(36, 10, 36, 'Masterpieces in progress.', '', NOW() - INTERVAL '2 days'),
(37, 11, 37, 'Nature never goes out of style.', '', NOW()),
(38, 11, 38, 'Caught in the moment of creativity.', '', NOW() - INTERVAL '1 days'),
(39, 11, 39, 'Centering more than just clay today.', '', NOW() - INTERVAL '2 days'),
(40, 11, 40, 'Caught in the moment of creativity.', '', NOW() - INTERVAL '3 days'),
(41, 11, 41, 'Underwater thoughts.', '', NOW() - INTERVAL '4 days'),
(42, 12, 42, 'Centering more than just clay today.', '', NOW()),
(43, 12, 43, 'Abstract expressions all day.', '', NOW() - INTERVAL '1 days'),
(44, 12, 44, 'Swim, splash, smile.', '', NOW() - INTERVAL '2 days'),
(45, 12, 45, 'Centering more than just clay today.', '', NOW() - INTERVAL '3 days'),
(46, 12, 46, 'Swim, splash, smile.', '', NOW() - INTERVAL '4 days'),
(47, 13, 47, 'Dance like nobody''s watching.', '', NOW()),
(48, 13, 48, 'Pottery: where patience meets creativity.', '', NOW() - INTERVAL '1 days'),
(49, 13, 49, 'Swim, splash, smile.', '', NOW() - INTERVAL '2 days'),
(50, 13, 50, 'Shaping memories from clay.', '', NOW() - INTERVAL '3 days'),
(51, 14, 51, 'Nature never goes out of style.', '', NOW()),
(52, 14, 52, 'Freestyle kind of day.', '', NOW() - INTERVAL '1 days'),
(53, 14, 53, 'Swim, splash, smile.', '', NOW() - INTERVAL '2 days'),
(54, 14, 54, 'One trail at a time.', '', NOW() - INTERVAL '3 days'),
(55, 14, 55, 'Coloring outside the lines, literally.', '', NOW() - INTERVAL '4 days'),
(56, 15, 56, 'Cool water, warm hearts.', '', NOW()),
(57, 15, 57, 'Hike more, worry less.', '', NOW() - INTERVAL '1 days'),
(58, 16, 58, 'Pottery night success!', '', NOW()),
(59, 16, 59, 'Caught in the moment of creativity.', '', NOW() - INTERVAL '1 days'),
(60, 16, 60, 'Forming art one spin at a time.', '', NOW() - INTERVAL '2 days'),
(61, 16, 61, 'Freestyle kind of day.', '', NOW() - INTERVAL '3 days'),
(62, 16, 62, 'Every brushstroke tells a story.', '', NOW() - INTERVAL '4 days'),
(63, 17, 63, 'Caught in the moment of creativity.', '', NOW()),
(64, 17, 64, 'Rocky paths and rewarding views.', '', NOW() - INTERVAL '1 days'),
(65, 17, 65, 'Studio vibes and good energy.', '', NOW() - INTERVAL '2 days'),
(66, 17, 66, 'Caught in the moment of creativity.', '', NOW() - INTERVAL '3 days'),
(67, 17, 67, 'Pottery: where patience meets creativity.', '', NOW() - INTERVAL '4 days'),
(68, 18, 68, 'Hands dirty, heart happy.', '', NOW()),
(69, 18, 69, 'Feeling the beat from head to toe.', '', NOW() - INTERVAL '1 days'),
(70, 19, 70, 'Dance like nobody''s watching.', '', NOW()),
(71, 19, 71, 'Hands dirty, heart happy.', '', NOW() - INTERVAL '1 days'),
(72, 19, 72, 'Dance like nobody''s watching.', '', NOW() - INTERVAL '2 days'),
(73, 19, 73, 'Abstract expressions all day.', '', NOW() - INTERVAL '3 days'),
(74, 19, 74, 'Paint, sip, and relax.', '', NOW() - INTERVAL '4 days'),
(75, 20, 75, 'Underwater thoughts.', '', NOW()),
(76, 20, 76, 'One trail at a time.', '', NOW() - INTERVAL '1 days'),
(77, 20, 77, 'Every move is a mood.', '', NOW() - INTERVAL '2 days'),
(78, 20, 78, 'Trail time is the best time.', '', NOW() - INTERVAL '3 days'),
(79, 20, 79, 'Abstract expressions all day.', '', NOW() - INTERVAL '4 days'),
(80, 21, 80, 'Trail time is the best time.', '', NOW()),
(81, 21, 81, 'Brushing up on my art skills ', '', NOW() - INTERVAL '1 days'),
(82, 22, 82, 'Breaking a sweat, catching a beat.', '', NOW()),
(83, 22, 83, 'Hands dirty, heart happy.', '', NOW() - INTERVAL '1 days'),
(84, 22, 84, 'Pottery night success!', '', NOW() - INTERVAL '2 days'),
(85, 23, 85, 'Cool water, warm hearts.', '', NOW()),
(86, 23, 86, 'Pool days are the best days.', '', NOW() - INTERVAL '1 days'),
(87, 24, 87, 'Freestyle kind of day.', '', NOW()),
(88, 24, 88, 'Every move is a mood.', '', NOW() - INTERVAL '1 days'),
(89, 24, 89, 'Masterpieces in progress.', '', NOW() - INTERVAL '2 days'),
(90, 24, 90, 'Forming art one spin at a time.', '', NOW() - INTERVAL '3 days'),
(91, 24, 91, 'Studio vibes and good energy.', '', NOW() - INTERVAL '4 days'),
(92, 25, 92, 'Clay in motion, ideas in flow.', '', NOW()),
(93, 25, 93, 'Freestyle kind of day.', '', NOW() - INTERVAL '1 days'),
(94, 26, 94, 'Coloring outside the lines, literally.', '', NOW()),
(95, 26, 95, 'Swim, splash, smile.', '', NOW() - INTERVAL '1 days'),
(96, 26, 96, 'Every step is an adventure.', '', NOW() - INTERVAL '2 days'),
(97, 26, 97, 'Trail time is the best time.', '', NOW() - INTERVAL '3 days'),
(98, 27, 98, 'When in doubt, dance it out.', '', NOW()),
(99, 27, 99, 'Rocky paths and rewarding views.', '', NOW() - INTERVAL '1 days'),
(100, 28, 100, 'Just keep swimming ', '', NOW()),
(101, 28, 101, 'Dance like nobody''s watching.', '', NOW() - INTERVAL '1 days'),
(102, 28, 102, 'Caught in the moment of creativity.', '', NOW() - INTERVAL '2 days'),
(103, 28, 103, 'Making waves and memories.', '', NOW() - INTERVAL '3 days'),
(104, 28, 104, 'Shaping memories from clay.', '', NOW() - INTERVAL '4 days'),
(105, 29, 105, 'Cool water, warm hearts.', '', NOW()),
(106, 29, 106, 'Every move is a mood.', '', NOW() - INTERVAL '1 days'),
(107, 29, 107, 'Mixing colors and catching vibes.', '', NOW() - INTERVAL '2 days'),
(108, 30, 108, 'Forming art one spin at a time.', '', NOW()),
(109, 30, 109, 'Found peace at the summit.', '', NOW() - INTERVAL '1 days'),
(110, 30, 110, 'One trail at a time.', '', NOW() - INTERVAL '2 days'),
(111, 30, 111, 'Swim time = me time.', '', NOW() - INTERVAL '3 days'),
(112, 30, 112, 'Feeling the beat from head to toe.', '', NOW() - INTERVAL '4 days'),
(113, 31, 113, 'Lost in the strokes.', '', NOW()),
(114, 31, 114, 'Every move is a mood.', '', NOW() - INTERVAL '1 days'),
(115, 31, 115, 'Cool water, warm hearts.', '', NOW() - INTERVAL '2 days'),
(116, 31, 116, 'Making waves and memories.', '', NOW() - INTERVAL '3 days'),
(117, 32, 117, 'Studio vibes and good energy.', '', NOW()),
(118, 32, 118, 'Floating my worries away.', '', NOW() - INTERVAL '1 days'),
(119, 33, 119, 'One trail at a time.', '', NOW()),
(120, 33, 120, 'Pottery night success!', '', NOW() - INTERVAL '1 days'),
(121, 34, 121, 'Feeling the beat from head to toe.', '', NOW()),
(122, 34, 122, 'Rocky paths and rewarding views.', '', NOW() - INTERVAL '1 days'),
(123, 34, 123, 'Feeling the beat from head to toe.', '', NOW() - INTERVAL '2 days'),
(124, 35, 124, 'Every brushstroke tells a story.', '', NOW()),
(125, 35, 125, 'Canvas therapy session.', '', NOW() - INTERVAL '1 days'),
(126, 36, 126, 'Just keep swimming ', '', NOW()),
(127, 36, 127, 'Studio vibes and good energy.', '', NOW() - INTERVAL '1 days'),
(128, 36, 128, 'Brushing up on my art skills ', '', NOW() - INTERVAL '2 days'),
(129, 36, 129, 'Freestyle kind of day.', '', NOW() - INTERVAL '3 days'),
(130, 37, 130, 'Trail time is the best time.', '', NOW()),
(131, 37, 131, 'Lost in the strokes.', '', NOW() - INTERVAL '1 days'),
(132, 38, 132, 'Abstract expressions all day.', '', NOW()),
(133, 38, 133, 'Every brushstroke tells a story.', '', NOW() - INTERVAL '1 days'),
(134, 38, 134, 'Studio vibes and good energy.', '', NOW() - INTERVAL '2 days'),
(135, 39, 135, 'Feeling the beat from head to toe.', '', NOW()),
(136, 39, 136, 'Learning new steps and loving it.', '', NOW() - INTERVAL '1 days'),
(137, 39, 137, 'Swim, splash, smile.', '', NOW() - INTERVAL '2 days'),
(138, 39, 138, 'Forming art one spin at a time.', '', NOW() - INTERVAL '3 days'),
(139, 40, 139, 'Twist, turn, and groove.', '', NOW()),
(140, 40, 140, 'Hike more, worry less.', '', NOW() - INTERVAL '1 days'),
(141, 40, 141, 'Pottery: where patience meets creativity.', '', NOW() - INTERVAL '2 days'),
(142, 40, 142, 'Lost in the strokes.', '', NOW() - INTERVAL '3 days'),
(143, 40, 143, 'Shaping memories from clay.', '', NOW() - INTERVAL '4 days'),
(144, 41, 144, 'Every step is an adventure.', '', NOW()),
(145, 41, 145, 'Just keep swimming ', '', NOW() - INTERVAL '1 days'),
(146, 41, 146, 'Dance like nobody''s watching.', '', NOW() - INTERVAL '2 days'),
(147, 41, 147, 'Bowls, mugs, and a few laughs.', '', NOW() - INTERVAL '3 days'),
(148, 42, 148, 'Finding rhythm in every step.', '', NOW()),
(149, 42, 149, 'Mixing colors and catching vibes.', '', NOW() - INTERVAL '1 days'),
(150, 42, 150, 'Pool days are the best days.', '', NOW() - INTERVAL '2 days'),
(151, 42, 151, 'Trail time is the best time.', '', NOW() - INTERVAL '3 days'),
(152, 43, 152, 'Pottery: where patience meets creativity.', '', NOW()),
(153, 43, 153, 'Cool water, warm hearts.', '', NOW() - INTERVAL '1 days'),
(154, 43, 154, 'Coloring outside the lines, literally.', '', NOW() - INTERVAL '2 days'),
(155, 43, 155, 'Freestyle kind of day.', '', NOW() - INTERVAL '3 days'),
(156, 43, 156, 'Masterpieces in progress.', '', NOW() - INTERVAL '4 days'),
(157, 44, 157, 'Pottery night success!', '', NOW()),
(158, 44, 158, 'Pottery night success!', '', NOW() - INTERVAL '1 days'),
(159, 44, 159, 'Freestyle kind of day.', '', NOW() - INTERVAL '2 days'),
(160, 44, 160, 'Coloring outside the lines, literally.', '', NOW() - INTERVAL '3 days'),
(161, 44, 161, 'One trail at a time.', '', NOW() - INTERVAL '4 days'),
(162, 45, 162, 'Centering more than just clay today.', '', NOW()),
(163, 45, 163, 'Feeling the beat from head to toe.', '', NOW() - INTERVAL '1 days'),
(164, 45, 164, 'Caught in the moment of creativity.', '', NOW() - INTERVAL '2 days'),
(165, 45, 165, 'Diving into the deep end.', '', NOW() - INTERVAL '3 days'),
(166, 46, 166, 'Caught in the moment of creativity.', '', NOW()),
(167, 46, 167, 'Every step is an adventure.', '', NOW() - INTERVAL '1 days'),
(168, 47, 168, 'Hike more, worry less.', '', NOW()),
(169, 47, 169, 'Swim, splash, smile.', '', NOW() - INTERVAL '1 days'),
(170, 48, 170, 'Learning new steps and loving it.', '', NOW()),
(171, 48, 171, 'Clay in motion, ideas in flow.', '', NOW() - INTERVAL '1 days'),
(172, 48, 172, 'Coloring outside the lines, literally.', '', NOW() - INTERVAL '2 days'),
(173, 48, 173, 'Breaking a sweat, catching a beat.', '', NOW() - INTERVAL '3 days'),
(174, 48, 174, 'Feeling the beat from head to toe.', '', NOW() - INTERVAL '4 days'),
(175, 49, 175, 'Forming art one spin at a time.', '', NOW()),
(176, 49, 176, 'Every brushstroke tells a story.', '', NOW() - INTERVAL '1 days'),
(177, 50, 177, 'One trail at a time.', '', NOW()),
(178, 50, 178, 'Peak moments and fresh air.', '', NOW() - INTERVAL '1 days'),
(179, 50, 179, 'Clay in motion, ideas in flow.', '', NOW() - INTERVAL '2 days'),
(180, 51, 180, 'Caught in the moment of creativity.', '', NOW()),
(181, 51, 181, 'Clay in motion, ideas in flow.', '', NOW() - INTERVAL '1 days'),
(182, 51, 182, 'Freestyle kind of day.', '', NOW() - INTERVAL '2 days'),
(183, 51, 183, 'Canvas therapy session.', '', NOW() - INTERVAL '3 days'),
(184, 52, 184, 'Brushing up on my art skills ', '', NOW()),
(185, 52, 185, 'Hands dirty, heart happy.', '', NOW() - INTERVAL '1 days'),
(186, 53, 186, 'Bowls, mugs, and a few laughs.', '', NOW()),
(187, 53, 187, 'One trail at a time.', '', NOW() - INTERVAL '1 days'),
(188, 53, 188, 'Finding rhythm in every step.', '', NOW() - INTERVAL '2 days'),
(189, 53, 189, 'Trail time is the best time.', '', NOW() - INTERVAL '3 days'),
(190, 54, 190, 'Found peace at the summit.', '', NOW()),
(191, 54, 191, 'Shaping memories from clay.', '', NOW() - INTERVAL '1 days'),
(192, 55, 192, 'Chasing views and good vibes.', '', NOW()),
(193, 55, 193, 'Feeling the beat from head to toe.', '', NOW() - INTERVAL '1 days'),
(194, 56, 194, 'From lump to lovely.', '', NOW()),
(195, 56, 195, 'Pool days are the best days.', '', NOW() - INTERVAL '1 days'),
(196, 56, 196, 'Twist, turn, and groove.', '', NOW() - INTERVAL '2 days'),
(197, 56, 197, 'Chasing views and good vibes.', '', NOW() - INTERVAL '3 days'),
(198, 57, 198, 'Clay in motion, ideas in flow.', '', NOW()),
(199, 57, 199, 'Breaking a sweat, catching a beat.', '', NOW() - INTERVAL '1 days'),
(200, 57, 200, 'Just keep swimming ', '', NOW() - INTERVAL '2 days'),
(201, 57, 201, 'Hands dirty, heart happy.', '', NOW() - INTERVAL '3 days'),
(202, 57, 202, 'Wander often, wonder always.', '', NOW() - INTERVAL '4 days'),
(203, 58, 203, 'Cool water, warm hearts.', '', NOW()),
(204, 58, 204, 'Cool water, warm hearts.', '', NOW() - INTERVAL '1 days'),
(205, 58, 205, 'Clay in motion, ideas in flow.', '', NOW() - INTERVAL '2 days'),
(206, 59, 206, 'Making waves and memories.', '', NOW()),
(207, 59, 207, 'Chasing views and good vibes.', '', NOW() - INTERVAL '1 days'),
(208, 59, 208, 'Forming art one spin at a time.', '', NOW() - INTERVAL '2 days'),
(209, 59, 209, 'Feeling the beat from head to toe.', '', NOW() - INTERVAL '3 days'),
(210, 59, 210, 'Coloring outside the lines, literally.', '', NOW() - INTERVAL '4 days'),
(211, 60, 211, 'Brushing up on my art skills ', '', NOW()),
(212, 60, 212, 'Paint, sip, and relax.', '', NOW() - INTERVAL '1 days'),
(213, 60, 213, 'Swim, splash, smile.', '', NOW() - INTERVAL '2 days'),
(214, 60, 214, 'Breaking a sweat, catching a beat.', '', NOW() - INTERVAL '3 days'),
(215, 61, 215, 'Caught in the moment of creativity.', '', NOW()),
(216, 61, 216, 'Freestyle kind of day.', '', NOW() - INTERVAL '1 days'),
(217, 61, 217, 'Swim time = me time.', '', NOW() - INTERVAL '2 days'),
(218, 62, 218, 'When in doubt, dance it out.', '', NOW()),
(219, 62, 219, 'Lost in the strokes.', '', NOW() - INTERVAL '1 days'),
(220, 63, 220, 'Hike more, worry less.', '', NOW()),
(221, 63, 221, 'From lump to lovely.', '', NOW() - INTERVAL '1 days'),
(222, 64, 222, 'Studio vibes and good energy.', '', NOW()),
(223, 64, 223, 'Pottery night success!', '', NOW() - INTERVAL '1 days'),
(224, 64, 224, 'Forming art one spin at a time.', '', NOW() - INTERVAL '2 days'),
(225, 65, 225, 'From lump to lovely.', '', NOW()),
(226, 65, 226, 'When in doubt, dance it out.', '', NOW() - INTERVAL '1 days'),
(227, 65, 227, 'Twist, turn, and groove.', '', NOW() - INTERVAL '2 days'),
(228, 65, 228, 'Canvas therapy session.', '', NOW() - INTERVAL '3 days'),
(229, 66, 229, 'Hike more, worry less.', '', NOW()),
(230, 66, 230, 'Coloring outside the lines, literally.', '', NOW() - INTERVAL '1 days'),
(231, 66, 231, 'Lost in the strokes.', '', NOW() - INTERVAL '2 days'),
(232, 66, 232, 'Masterpieces in progress.', '', NOW() - INTERVAL '3 days'),
(233, 67, 233, 'Finding rhythm in every step.', '', NOW()),
(234, 67, 234, 'Chasing views and good vibes.', '', NOW() - INTERVAL '1 days'),
(235, 67, 235, 'Rocky paths and rewarding views.', '', NOW() - INTERVAL '2 days'),
(236, 67, 236, 'Cool water, warm hearts.', '', NOW() - INTERVAL '3 days'),
(237, 68, 237, 'Swim, splash, smile.', '', NOW()),
(238, 68, 238, 'Nature never goes out of style.', '', NOW() - INTERVAL '1 days'),
(239, 68, 239, 'Feeling the beat from head to toe.', '', NOW() - INTERVAL '2 days'),
(240, 68, 240, 'Centering more than just clay today.', '', NOW() - INTERVAL '3 days'),
(241, 69, 241, 'Just me and my wheel.', '', NOW()),
(242, 69, 242, 'Swim, splash, smile.', '', NOW() - INTERVAL '1 days'),
(243, 69, 243, 'Freestyle kind of day.', '', NOW() - INTERVAL '2 days'),
(244, 69, 244, 'Swim time = me time.', '', NOW() - INTERVAL '3 days'),
(245, 70, 245, 'Pottery night success!', '', NOW()),
(246, 70, 246, 'Finding rhythm in every step.', '', NOW() - INTERVAL '1 days'),
(247, 70, 247, 'Shaping memories from clay.', '', NOW() - INTERVAL '2 days'),
(248, 71, 248, 'Hike more, worry less.', '', NOW()),
(249, 71, 249, 'Canvas therapy session.', '', NOW() - INTERVAL '1 days'),
(250, 72, 250, 'Mixing colors and catching vibes.', '', NOW()),
(251, 72, 251, 'Centering more than just clay today.', '', NOW() - INTERVAL '1 days'),
(252, 72, 252, 'Hike more, worry less.', '', NOW() - INTERVAL '2 days'),
(253, 72, 253, 'Nature never goes out of style.', '', NOW() - INTERVAL '3 days'),
(254, 73, 254, 'One trail at a time.', '', NOW()),
(255, 73, 255, 'Hands dirty, heart happy.', '', NOW() - INTERVAL '1 days'),
(256, 74, 256, 'Centering more than just clay today.', '', NOW()),
(257, 74, 257, 'Mixing colors and catching vibes.', '', NOW() - INTERVAL '1 days'),
(258, 74, 258, 'Found peace at the summit.', '', NOW() - INTERVAL '2 days'),
(259, 74, 259, 'Masterpieces in progress.', '', NOW() - INTERVAL '3 days'),
(260, 74, 260, 'Shaping memories from clay.', '', NOW() - INTERVAL '4 days'),
(261, 75, 261, 'Learning new steps and loving it.', '', NOW()),
(262, 75, 262, 'Chasing views and good vibes.', '', NOW() - INTERVAL '1 days'),
(263, 75, 263, 'Finding rhythm in every step.', '', NOW() - INTERVAL '2 days'),
(264, 75, 264, 'Wander often, wonder always.', '', NOW() - INTERVAL '3 days'),
(265, 75, 265, 'Hike more, worry less.', '', NOW() - INTERVAL '4 days'),
(266, 76, 266, 'Finding rhythm in every step.', '', NOW()),
(267, 76, 267, 'Paint, sip, and relax.', '', NOW() - INTERVAL '1 days'),
(268, 76, 268, 'Just me and my wheel.', '', NOW() - INTERVAL '2 days'),
(269, 77, 269, 'Masterpieces in progress.', '', NOW()),
(270, 77, 270, 'Learning new steps and loving it.', '', NOW() - INTERVAL '1 days'),
(271, 77, 271, 'Peak moments and fresh air.', '', NOW() - INTERVAL '2 days'),
(272, 78, 272, 'Rocky paths and rewarding views.', '', NOW()),
(273, 78, 273, 'Rocky paths and rewarding views.', '', NOW() - INTERVAL '1 days'),
(274, 78, 274, 'Hike more, worry less.', '', NOW() - INTERVAL '2 days'),
(275, 78, 275, 'Freestyle kind of day.', '', NOW() - INTERVAL '3 days'),
(276, 78, 276, 'Just keep swimming ', '', NOW() - INTERVAL '4 days'),
(277, 79, 277, 'Brushing up on my art skills ', '', NOW()),
(278, 79, 278, 'Bowls, mugs, and a few laughs.', '', NOW() - INTERVAL '1 days'),
(279, 79, 279, 'When in doubt, dance it out.', '', NOW() - INTERVAL '2 days'),
(280, 80, 280, 'Making waves and memories.', '', NOW()),
(281, 80, 281, 'Dance like nobody''s watching.', '', NOW() - INTERVAL '1 days'),
(282, 80, 282, 'Found peace at the summit.', '', NOW() - INTERVAL '2 days'),
(283, 80, 283, 'Every step is an adventure.', '', NOW() - INTERVAL '3 days'),
(284, 80, 284, 'Every move is a mood.', '', NOW() - INTERVAL '4 days'),
(285, 81, 285, 'Studio vibes and good energy.', '', NOW()),
(286, 81, 286, 'Breaking a sweat, catching a beat.', '', NOW() - INTERVAL '1 days'),
(287, 81, 287, 'Just me and my wheel.', '', NOW() - INTERVAL '2 days'),
(288, 81, 288, 'Swim, splash, smile.', '', NOW() - INTERVAL '3 days'),
(289, 81, 289, 'Just keep swimming ', '', NOW() - INTERVAL '4 days'),
(290, 82, 290, 'Hike more, worry less.', '', NOW()),
(291, 82, 291, 'Trail time is the best time.', '', NOW() - INTERVAL '1 days'),
(292, 82, 292, 'Hands dirty, heart happy.', '', NOW() - INTERVAL '2 days'),
(293, 82, 293, 'Lost in the strokes.', '', NOW() - INTERVAL '3 days'),
(294, 83, 294, 'Shaping memories from clay.', '', NOW()),
(295, 83, 295, 'Pottery: where patience meets creativity.', '', NOW() - INTERVAL '1 days'),
(296, 83, 296, 'Every step is an adventure.', '', NOW() - INTERVAL '2 days'),
(297, 84, 297, 'Hands dirty, heart happy.', '', NOW()),
(298, 84, 298, 'Every move is a mood.', '', NOW() - INTERVAL '1 days'),
(299, 84, 299, 'Cool water, warm hearts.', '', NOW() - INTERVAL '2 days'),
(300, 85, 300, 'Dance like nobody''s watching.', '', NOW()),
(301, 85, 301, 'Caught in the moment of creativity.', '', NOW() - INTERVAL '1 days'),
(302, 86, 302, 'Nature never goes out of style.', '', NOW()),
(303, 86, 303, 'Every step is an adventure.', '', NOW() - INTERVAL '1 days'),
(304, 86, 304, 'Coloring outside the lines, literally.', '', NOW() - INTERVAL '2 days'),
(305, 86, 305, 'Bowls, mugs, and a few laughs.', '', NOW() - INTERVAL '3 days'),
(306, 86, 306, 'Learning new steps and loving it.', '', NOW() - INTERVAL '4 days'),
(307, 87, 307, 'Brushing up on my art skills ', '', NOW()),
(308, 87, 308, 'Twist, turn, and groove.', '', NOW() - INTERVAL '1 days'),
(309, 88, 309, 'Canvas therapy session.', '', NOW()),
(310, 88, 310, 'Freestyle kind of day.', '', NOW() - INTERVAL '1 days'),
(311, 88, 311, 'Forming art one spin at a time.', '', NOW() - INTERVAL '2 days'),
(312, 88, 312, 'Shaping memories from clay.', '', NOW() - INTERVAL '3 days'),
(313, 88, 313, 'Wander often, wonder always.', '', NOW() - INTERVAL '4 days'),
(314, 89, 314, 'Hike more, worry less.', '', NOW()),
(315, 89, 315, 'Learning new steps and loving it.', '', NOW() - INTERVAL '1 days'),
(316, 89, 316, 'Underwater thoughts.', '', NOW() - INTERVAL '2 days'),
(317, 89, 317, 'Twist, turn, and groove.', '', NOW() - INTERVAL '3 days'),
(318, 89, 318, 'Finding rhythm in every step.', '', NOW() - INTERVAL '4 days'),
(319, 90, 319, 'Brushing up on my art skills ', '', NOW()),
(320, 90, 320, 'From lump to lovely.', '', NOW() - INTERVAL '1 days'),
(321, 90, 321, 'Trail time is the best time.', '', NOW() - INTERVAL '2 days'),
(322, 90, 322, 'Studio vibes and good energy.', '', NOW() - INTERVAL '3 days'),
(323, 91, 323, 'Hike more, worry less.', '', NOW()),
(324, 91, 324, 'Finding rhythm in every step.', '', NOW() - INTERVAL '1 days'),
(325, 91, 325, 'Canvas therapy session.', '', NOW() - INTERVAL '2 days'),
(326, 92, 326, 'Every brushstroke tells a story.', '', NOW()),
(327, 92, 327, 'Floating my worries away.', '', NOW() - INTERVAL '1 days'),
(328, 93, 328, 'Peak moments and fresh air.', '', NOW()),
(329, 93, 329, 'Coloring outside the lines, literally.', '', NOW() - INTERVAL '1 days'),
(330, 93, 330, 'Coloring outside the lines, literally.', '', NOW() - INTERVAL '2 days'),
(331, 93, 331, 'Coloring outside the lines, literally.', '', NOW() - INTERVAL '3 days'),
(332, 93, 332, 'Hike more, worry less.', '', NOW() - INTERVAL '4 days'),
(333, 94, 333, 'Peak moments and fresh air.', '', NOW()),
(334, 94, 334, 'Just me and my wheel.', '', NOW() - INTERVAL '1 days'),
(335, 94, 335, 'Trail time is the best time.', '', NOW() - INTERVAL '2 days'),
(336, 95, 336, 'Feeling the beat from head to toe.', '', NOW()),
(337, 95, 337, 'Diving into the deep end.', '', NOW() - INTERVAL '1 days'),
(338, 95, 338, 'Hike more, worry less.', '', NOW() - INTERVAL '2 days'),
(339, 95, 339, 'One trail at a time.', '', NOW() - INTERVAL '3 days'),
(340, 95, 340, 'Every move is a mood.', '', NOW() - INTERVAL '4 days'),
(341, 96, 341, 'Trail time is the best time.', '', NOW()),
(342, 96, 342, 'Every move is a mood.', '', NOW() - INTERVAL '1 days'),
(343, 96, 343, 'Pottery: where patience meets creativity.', '', NOW() - INTERVAL '2 days'),
(344, 96, 344, 'Every move is a mood.', '', NOW() - INTERVAL '3 days'),
(345, 96, 345, 'Brushing up on my art skills ', '', NOW() - INTERVAL '4 days'),
(346, 97, 346, 'Found peace at the summit.', '', NOW()),
(347, 97, 347, 'Coloring outside the lines, literally.', '', NOW() - INTERVAL '1 days'),
(348, 97, 348, 'Canvas therapy session.', '', NOW() - INTERVAL '2 days'),
(349, 97, 349, 'Diving into the deep end.', '', NOW() - INTERVAL '3 days'),
(350, 98, 350, 'Learning new steps and loving it.', '', NOW()),
(351, 98, 351, 'Swim time = me time.', '', NOW() - INTERVAL '1 days'),
(352, 98, 352, 'Cool water, warm hearts.', '', NOW() - INTERVAL '2 days'),
(353, 99, 353, 'Swim time = me time.', '', NOW()),
(354, 99, 354, 'Just me and my wheel.', '', NOW() - INTERVAL '1 days'),
(355, 100, 355, 'Just keep swimming ', '', NOW()),
(356, 100, 356, 'Centering more than just clay today.', '', NOW() - INTERVAL '1 days'),
(357, 100, 357, 'Trail time is the best time.', '', NOW() - INTERVAL '2 days');

-- === FRIENDS ===
INSERT INTO friends (user_id, friend_id) VALUES
(1, 7),
(1, 8),
(1, 24),
(1, 48),
(1, 61),
(1, 67),
(1, 73),
(1, 75),
(1, 79),
(1, 94),
(1, 95),
(1, 98),
(2, 6),
(2, 11),
(2, 14),
(2, 17),
(2, 24),
(2, 33),
(2, 40),
(2, 52),
(2, 70),
(2, 71),
(2, 77),
(2, 79),
(2, 82),
(2, 88),
(2, 89),
(2, 93),
(2, 95),
(2, 96),
(3, 8),
(3, 16),
(3, 31),
(3, 33),
(3, 46),
(3, 50),
(3, 59),
(3, 64),
(3, 67),
(3, 73),
(3, 78),
(3, 88),
(3, 98),
(4, 11),
(4, 18),
(4, 25),
(4, 29),
(4, 31),
(4, 32),
(4, 41),
(4, 45),
(4, 48),
(4, 50),
(4, 70),
(4, 76),
(4, 79),
(4, 88),
(4, 96),
(5, 17),
(5, 19),
(5, 27),
(5, 29),
(5, 36),
(5, 40),
(5, 42),
(5, 45),
(5, 49),
(5, 75),
(5, 84),
(5, 85),
(5, 87),
(5, 94),
(5, 96),
(6, 10),
(6, 24),
(6, 34),
(6, 38),
(6, 47),
(6, 57),
(6, 66),
(6, 68),
(6, 90),
(6, 94),
(6, 97),
(6, 99),
(6, 100),
(7, 16),
(7, 29),
(7, 37),
(7, 41),
(7, 42),
(7, 48),
(7, 53),
(7, 61),
(7, 75),
(7, 79),
(8, 9),
(8, 22),
(8, 28),
(8, 57),
(8, 58),
(8, 60),
(8, 68),
(8, 69),
(8, 82),
(8, 83),
(8, 89),
(8, 92),
(8, 96),
(9, 18),
(9, 21),
(9, 25),
(9, 32),
(9, 33),
(9, 36),
(9, 57),
(9, 65),
(9, 67),
(9, 77),
(9, 85),
(9, 87),
(9, 94),
(9, 97),
(9, 100),
(10, 31),
(10, 34),
(10, 38),
(10, 39),
(10, 45),
(10, 53),
(10, 54),
(10, 57),
(10, 65),
(10, 77),
(10, 79),
(10, 86),
(10, 89),
(10, 94),
(10, 96),
(10, 99),
(11, 22),
(11, 36),
(11, 53),
(11, 59),
(11, 71),
(11, 78),
(11, 85),
(11, 86),
(11, 88),
(11, 98),
(11, 99),
(12, 19),
(12, 20),
(12, 21),
(12, 29),
(12, 50),
(12, 51),
(12, 54),
(12, 55),
(12, 72),
(12, 80),
(12, 91),
(12, 97),
(13, 21),
(13, 23),
(13, 31),
(13, 32),
(13, 33),
(13, 38),
(13, 42),
(13, 44),
(13, 47),
(13, 56),
(13, 63),
(13, 67),
(13, 75),
(13, 78),
(13, 79),
(14, 16),
(14, 26),
(14, 29),
(14, 35),
(14, 40),
(14, 47),
(14, 60),
(14, 67),
(14, 91),
(14, 92),
(14, 98),
(15, 19),
(15, 21),
(15, 32),
(15, 34),
(15, 38),
(15, 40),
(15, 42),
(15, 66),
(15, 73),
(15, 77),
(15, 86),
(15, 89),
(16, 26),
(16, 41),
(16, 52),
(16, 57),
(16, 67),
(16, 69),
(16, 81),
(16, 90),
(16, 93),
(16, 95),
(16, 96),
(16, 97),
(17, 18),
(17, 24),
(17, 34),
(17, 60),
(17, 68),
(17, 76),
(17, 87),
(17, 89),
(17, 93),
(17, 97),
(17, 99),
(17, 100),
(18, 22),
(18, 29),
(18, 43),
(18, 59),
(18, 67),
(18, 78),
(18, 88),
(19, 25),
(19, 36),
(19, 44),
(19, 54),
(19, 63),
(19, 73),
(19, 74),
(19, 77),
(19, 79),
(19, 83),
(19, 99),
(19, 100),
(20, 24),
(20, 45),
(20, 53),
(20, 63),
(20, 66),
(20, 69),
(20, 95),
(21, 26),
(21, 27),
(21, 28),
(21, 35),
(21, 37),
(21, 40),
(21, 55),
(21, 59),
(21, 82),
(21, 85),
(21, 89),
(21, 92),
(21, 93),
(22, 34),
(22, 50),
(22, 72),
(22, 76),
(22, 88),
(22, 98),
(23, 24),
(23, 53),
(23, 58),
(23, 63),
(23, 67),
(24, 26),
(24, 34),
(24, 35),
(24, 62),
(24, 65),
(24, 77),
(24, 88),
(24, 98),
(24, 99),
(25, 28),
(25, 32),
(25, 50),
(25, 56),
(25, 76),
(25, 79),
(25, 80),
(25, 82),
(25, 87),
(25, 99),
(26, 27),
(26, 31),
(26, 32),
(26, 44),
(26, 67),
(26, 71),
(27, 46),
(27, 50),
(27, 51),
(27, 86),
(27, 93),
(27, 97),
(28, 37),
(28, 48),
(28, 51),
(28, 55),
(28, 81),
(28, 83),
(28, 91),
(28, 96),
(28, 97),
(29, 36),
(29, 49),
(29, 53),
(29, 55),
(29, 56),
(29, 63),
(29, 68),
(29, 92),
(30, 44),
(30, 61),
(30, 63),
(30, 68),
(30, 70),
(30, 82),
(30, 87),
(30, 96),
(30, 97),
(30, 98),
(31, 41),
(31, 44),
(31, 47),
(31, 51),
(31, 57),
(31, 72),
(31, 86),
(31, 96),
(32, 37),
(32, 65),
(32, 69),
(32, 87),
(32, 90),
(32, 97),
(33, 35),
(33, 39),
(33, 46),
(33, 58),
(33, 61),
(33, 62),
(33, 65),
(33, 67),
(33, 79),
(33, 93),
(33, 94),
(33, 96),
(34, 35),
(34, 36),
(34, 50),
(34, 51),
(34, 52),
(34, 58),
(34, 64),
(34, 66),
(34, 73),
(34, 74),
(34, 76),
(34, 77),
(34, 92),
(35, 40),
(35, 41),
(35, 61),
(35, 82),
(35, 88),
(36, 49),
(36, 55),
(36, 56),
(36, 70),
(36, 73),
(36, 98),
(37, 38),
(37, 39),
(37, 55),
(37, 76),
(37, 92),
(38, 47),
(38, 59),
(38, 64),
(38, 77),
(38, 85),
(38, 89),
(39, 41),
(39, 42),
(39, 47),
(39, 88),
(39, 94),
(39, 97),
(40, 43),
(40, 47),
(40, 64),
(40, 72),
(40, 79),
(40, 94),
(40, 95),
(40, 96),
(41, 42),
(41, 49),
(41, 61),
(41, 72),
(41, 73),
(41, 76),
(41, 80),
(41, 90),
(41, 92),
(41, 93),
(41, 96),
(42, 50),
(42, 56),
(42, 65),
(42, 69),
(42, 73),
(42, 75),
(42, 80),
(42, 82),
(42, 99),
(43, 66),
(43, 71),
(43, 72),
(43, 74),
(43, 90),
(43, 92),
(44, 52),
(44, 63),
(44, 69),
(44, 71),
(44, 73),
(44, 74),
(44, 84),
(44, 87),
(44, 90),
(44, 91),
(44, 97),
(44, 99),
(45, 46),
(45, 48),
(45, 50),
(45, 58),
(45, 64),
(45, 66),
(45, 80),
(45, 86),
(45, 87),
(46, 54),
(46, 56),
(46, 66),
(46, 68),
(46, 81),
(47, 49),
(47, 52),
(47, 81),
(47, 85),
(47, 90),
(47, 98),
(48, 75),
(48, 89),
(49, 51),
(49, 57),
(49, 61),
(49, 63),
(49, 89),
(50, 63),
(50, 70),
(50, 82),
(50, 83),
(50, 84),
(51, 82),
(51, 95),
(52, 56),
(52, 60),
(52, 62),
(52, 80),
(52, 87),
(53, 56),
(53, 57),
(53, 60),
(53, 80),
(54, 55),
(54, 71),
(54, 72),
(54, 73),
(54, 78),
(54, 81),
(54, 88),
(54, 89),
(54, 97),
(54, 98),
(54, 99),
(55, 71),
(55, 73),
(55, 78),
(55, 84),
(55, 85),
(55, 87),
(55, 95),
(55, 97),
(55, 99),
(56, 68),
(56, 73),
(56, 97),
(56, 98),
(56, 99),
(57, 71),
(57, 79),
(57, 91),
(57, 94),
(57, 99),
(58, 59),
(58, 64),
(58, 67),
(58, 71),
(58, 81),
(58, 93),
(59, 64),
(59, 96),
(60, 64),
(60, 76),
(60, 80),
(60, 88),
(61, 90),
(61, 93),
(62, 63),
(62, 67),
(62, 68),
(62, 79),
(62, 84),
(62, 91),
(63, 64),
(63, 65),
(63, 67),
(63, 78),
(63, 81),
(63, 83),
(63, 85),
(64, 70),
(64, 81),
(64, 96),
(64, 99),
(65, 74),
(65, 75),
(65, 81),
(65, 97),
(66, 72),
(66, 74),
(66, 86),
(66, 90),
(66, 98),
(67, 78),
(67, 84),
(67, 92),
(67, 100),
(68, 73),
(68, 85),
(68, 93),
(68, 95),
(68, 97),
(68, 100),
(69, 73),
(69, 74),
(69, 83),
(69, 99),
(70, 95),
(71, 76),
(71, 78),
(71, 90),
(72, 78),
(72, 84),
(72, 93),
(72, 99),
(73, 76),
(73, 80),
(73, 81),
(74, 82),
(74, 83),
(74, 84),
(74, 95),
(74, 96),
(75, 80),
(75, 98),
(76, 82),
(76, 85),
(76, 89),
(76, 94),
(76, 99),
(77, 78),
(77, 93),
(77, 95),
(78, 80),
(78, 84),
(78, 94),
(78, 97),
(78, 98),
(78, 99),
(79, 89),
(80, 87),
(80, 89),
(81, 82),
(81, 95),
(82, 87),
(82, 92),
(83, 86),
(83, 96),
(85, 92),
(86, 92),
(86, 94),
(87, 99),
(88, 91),
(88, 100),
(89, 90),
(89, 94),
(89, 98),
(90, 91),
(90, 100),
(91, 93),
(91, 96),
(93, 95),
(93, 98);

-- === MATCHES ===
INSERT INTO matches (user_id, matched_user_id, matched_at) VALUES
(1, 54, '2025-04-20 08:34:14'),
(1, 19, '2025-04-20 03:33:13'),
(1, 40, '2025-04-20 23:33:00'),
(2, 15, '2025-04-20 21:38:30'),
(3, 90, '2025-04-20 06:13:14'),
(4, 39, '2025-04-20 09:42:20'),
(5, 22, '2025-04-20 13:03:24'),
(5, 66, '2025-04-20 05:30:22'),
(6, 59, '2025-04-20 18:01:55'),
(6, 72, '2025-04-20 21:14:39'),
(6, 32, '2025-04-20 04:32:17'),
(7, 53, '2025-04-20 14:22:22'),
(1, 7, '2025-04-20 11:16:21'),
(7, 19, '2025-04-20 22:23:19'),
(8, 26, '2025-04-20 02:56:51'),
(9, 62, '2025-04-20 00:19:48'),
(9, 64, '2025-04-20 12:08:26'),
(9, 84, '2025-04-20 16:22:15'),
(10, 38, '2025-04-20 04:46:33'),
(10, 15, '2025-04-20 01:49:26'),
(10, 51, '2025-04-20 08:05:39'),
(11, 53, '2025-04-20 07:14:09'),
(11, 27, '2025-04-20 21:36:04'),
(11, 21, '2025-04-20 15:35:48'),
(12, 92, '2025-04-20 06:01:36'),
(12, 81, '2025-04-20 16:11:46'),
(12, 90, '2025-04-20 16:17:21'),
(13, 78, '2025-04-20 20:33:39'),
(12, 13, '2025-04-20 03:23:09'),
(13, 47, '2025-04-20 16:05:03'),
(14, 65, '2025-04-20 06:45:00'),
(15, 19, '2025-04-20 14:04:55'),
(15, 39, '2025-04-20 15:34:32'),
(15, 87, '2025-04-20 08:33:16'),
(16, 46, '2025-04-20 15:30:28'),
(17, 38, '2025-04-20 11:10:51'),
(17, 41, '2025-04-20 18:25:29'),
(17, 34, '2025-04-20 23:54:46'),
(18, 80, '2025-04-20 00:03:29'),
(18, 91, '2025-04-20 22:10:07'),
(18, 23, '2025-04-20 01:03:32'),
(19, 44, '2025-04-20 00:49:31'),
(20, 94, '2025-04-20 21:51:52'),
(20, 65, '2025-04-20 16:20:24'),
(1, 21, '2025-04-20 17:00:08'),
(8, 21, '2025-04-20 04:23:54'),
(22, 47, '2025-04-20 16:08:16'),
(22, 81, '2025-04-20 09:57:02'),
(22, 56, '2025-04-20 01:11:08'),
(23, 27, '2025-04-20 14:07:15'),
(23, 83, '2025-04-20 05:19:14'),
(24, 89, '2025-04-20 16:01:26'),
(24, 74, '2025-04-20 15:57:22'),
(25, 96, '2025-04-20 17:29:00'),
(25, 27, '2025-04-20 17:20:00'),
(25, 63, '2025-04-20 23:31:03'),
(26, 82, '2025-04-20 17:52:01'),
(26, 48, '2025-04-20 01:59:49'),
(24, 27, '2025-04-20 03:06:54'),
(17, 27, '2025-04-20 19:15:25'),
(28, 53, '2025-04-20 12:28:59'),
(28, 39, '2025-04-20 03:27:29'),
(20, 29, '2025-04-20 05:17:13'),
(29, 72, '2025-04-20 20:49:00'),
(29, 37, '2025-04-20 20:53:38'),
(30, 45, '2025-04-20 17:57:14'),
(31, 89, '2025-04-20 08:53:39'),
(32, 55, '2025-04-20 02:46:41'),
(32, 39, '2025-04-20 17:06:06'),
(32, 46, '2025-04-20 10:43:04'),
(33, 95, '2025-04-20 14:27:08'),
(33, 41, '2025-04-20 01:55:56'),
(34, 36, '2025-04-20 02:02:04'),
(18, 34, '2025-04-20 16:12:05'),
(35, 88, '2025-04-20 15:05:01'),
(13, 35, '2025-04-20 17:28:52'),
(35, 53, '2025-04-20 05:55:28'),
(12, 36, '2025-04-20 03:03:30'),
(16, 36, '2025-04-20 17:44:07'),
(36, 55, '2025-04-20 14:40:21'),
(37, 68, '2025-04-20 14:22:03'),
(37, 94, '2025-04-20 03:17:31'),
(38, 60, '2025-04-20 09:01:26'),
(38, 46, '2025-04-20 00:27:00'),
(38, 85, '2025-04-20 05:16:43'),
(39, 51, '2025-04-20 09:02:54'),
(40, 99, '2025-04-20 15:44:01'),
(41, 59, '2025-04-20 04:54:22'),
(41, 64, '2025-04-20 06:50:14'),
(42, 95, '2025-04-20 21:18:19'),
(25, 43, '2025-04-20 18:02:37'),
(30, 44, '2025-04-20 09:20:58'),
(13, 44, '2025-04-20 05:56:49'),
(45, 50, '2025-04-20 22:37:17'),
(45, 71, '2025-04-20 21:46:47'),
(46, 50, '2025-04-20 03:49:57'),
(46, 62, '2025-04-20 16:11:08'),
(47, 86, '2025-04-20 03:11:10'),
(38, 48, '2025-04-20 13:16:10'),
(48, 98, '2025-04-20 17:38:26'),
(49, 52, '2025-04-20 08:50:31'),
(50, 53, '2025-04-20 04:40:53'),
(50, 94, '2025-04-20 10:54:25'),
(50, 60, '2025-04-20 21:12:16'),
(51, 75, '2025-04-20 09:16:20'),
(51, 52, '2025-04-20 03:37:56'),
(52, 97, '2025-04-20 03:22:24'),
(52, 82, '2025-04-20 12:06:21'),
(5, 53, '2025-04-20 07:02:56'),
(54, 68, '2025-04-20 23:41:13'),
(54, 63, '2025-04-20 21:15:26'),
(26, 55, '2025-04-20 00:33:16'),
(41, 55, '2025-04-20 10:34:46'),
(32, 56, '2025-04-20 20:29:18'),
(33, 57, '2025-04-20 22:37:06'),
(57, 97, '2025-04-20 08:06:51'),
(58, 73, '2025-04-20 16:31:02'),
(58, 85, '2025-04-20 13:57:19'),
(11, 59, '2025-04-20 17:18:39'),
(24, 59, '2025-04-20 12:20:55'),
(59, 90, '2025-04-20 23:35:54'),
(41, 60, '2025-04-20 07:53:20'),
(36, 61, '2025-04-20 04:26:35'),
(61, 84, '2025-04-20 21:54:16'),
(61, 68, '2025-04-20 19:28:56'),
(62, 80, '2025-04-20 13:31:11'),
(29, 62, '2025-04-20 21:13:22'),
(30, 62, '2025-04-20 00:39:15'),
(53, 63, '2025-04-20 12:19:03'),
(37, 64, '2025-04-20 10:09:06'),
(47, 65, '2025-04-20 10:15:49'),
(65, 86, '2025-04-20 08:14:03'),
(65, 98, '2025-04-20 22:24:40'),
(66, 79, '2025-04-20 09:30:22'),
(41, 67, '2025-04-20 09:36:33'),
(60, 67, '2025-04-20 18:44:12'),
(67, 84, '2025-04-20 04:25:58'),
(26, 68, '2025-04-20 05:33:56'),
(23, 68, '2025-04-20 06:33:21'),
(69, 81, '2025-04-20 10:59:39'),
(70, 100, '2025-04-20 22:32:35'),
(70, 82, '2025-04-20 15:12:17'),
(24, 70, '2025-04-20 04:44:10'),
(4, 71, '2025-04-20 18:20:31'),
(72, 75, '2025-04-20 09:39:35'),
(53, 72, '2025-04-20 05:35:10'),
(72, 83, '2025-04-20 21:04:40'),
(73, 94, '2025-04-20 19:11:11'),
(43, 73, '2025-04-20 16:09:47'),
(63, 74, '2025-04-20 21:34:23'),
(38, 74, '2025-04-20 08:11:24'),
(35, 75, '2025-04-20 08:23:40'),
(66, 75, '2025-04-20 12:16:22'),
(7, 75, '2025-04-20 08:20:08'),
(46, 76, '2025-04-20 00:55:30'),
(76, 81, '2025-04-20 02:43:29'),
(5, 76, '2025-04-20 12:29:36'),
(23, 77, '2025-04-20 00:25:30'),
(32, 78, '2025-04-20 09:53:43'),
(2, 78, '2025-04-20 20:15:34'),
(35, 78, '2025-04-20 03:45:19'),
(79, 87, '2025-04-20 00:41:06'),
(1, 80, '2025-04-20 01:08:05'),
(42, 81, '2025-04-20 00:26:50'),
(60, 81, '2025-04-20 19:41:58'),
(29, 81, '2025-04-20 19:09:18'),
(45, 82, '2025-04-20 06:53:36'),
(82, 90, '2025-04-20 13:03:56'),
(68, 83, '2025-04-20 19:00:02'),
(10, 83, '2025-04-20 17:35:20'),
(57, 84, '2025-04-20 20:47:12'),
(65, 85, '2025-04-20 04:20:24'),
(35, 85, '2025-04-20 12:48:27'),
(86, 97, '2025-04-20 07:22:47'),
(41, 87, '2025-04-20 07:00:39'),
(57, 88, '2025-04-20 13:01:54'),
(46, 89, '2025-04-20 08:03:49'),
(78, 89, '2025-04-20 13:54:00'),
(54, 90, '2025-04-20 01:20:57'),
(47, 90, '2025-04-20 20:55:30'),
(91, 96, '2025-04-20 07:04:41'),
(29, 92, '2025-04-20 21:59:16'),
(11, 92, '2025-04-20 02:40:44'),
(64, 92, '2025-04-20 13:25:12'),
(77, 93, '2025-04-20 22:12:49'),
(84, 93, '2025-04-20 17:30:16'),
(78, 94, '2025-04-20 16:22:17'),
(56, 95, '2025-04-20 19:44:42'),
(49, 95, '2025-04-20 09:27:59'),
(96, 98, '2025-04-20 03:26:15'),
(40, 96, '2025-04-20 22:08:20'),
(71, 96, '2025-04-20 08:35:49'),
(61, 97, '2025-04-20 08:48:33'),
(52, 98, '2025-04-20 21:20:49'),
(81, 99, '2025-04-20 23:05:47'),
(10, 100, '2025-04-20 09:53:27'),
(17, 100, '2025-04-20 16:01:45');

-- === RESET ID SEQUENCES ===
SELECT setval('users_id_seq', (SELECT MAX(id) FROM users));